"ANO","NIVEL","CODMUNRES","IDHM_A","IDHM_CA","IDHM_CA_M","IDHM_CA_F"
"2015","UF",35,"0,823","0,783","0,759","0,807"
"2015","MUNICIPIO",3500105,"0,79",NA,NA,NA
"2015","MUNICIPIO",3500204,"0,73",NA,NA,NA
"2015","MUNICIPIO",3500303,"0,715",NA,NA,NA
"2015","MUNICIPIO",3500402,"0,781",NA,NA,NA
"2015","MUNICIPIO",3500501,"0,745",NA,NA,NA
"2015","MUNICIPIO",3500550,"0,757",NA,NA,NA
"2015","MUNICIPIO",3500600,"0,854",NA,NA,NA
"2015","MUNICIPIO",3500709,"0,745",NA,NA,NA
"2015","MUNICIPIO",3500758,"0,712",NA,NA,NA
"2015","MUNICIPIO",3500808,"0,741",NA,NA,NA
"2015","MUNICIPIO",3500907,"0,687",NA,NA,NA
"2015","MUNICIPIO",3501004,"0,73",NA,NA,NA
"2015","MUNICIPIO",3501103,"0,542",NA,NA,NA
"2015","MUNICIPIO",3501103,"0,747",NA,NA,NA
"2015","MUNICIPIO",3501103,"0,7",NA,NA,NA
"2015","MUNICIPIO",3501152,"0,766",NA,NA,NA
"2015","MUNICIPIO",3501202,"0,728",NA,NA,NA
"2015","MUNICIPIO",3501301,"0,758",NA,NA,NA
"2015","MUNICIPIO",3501400,"0,688",NA,NA,NA
"2015","MUNICIPIO",3501509,"0,722",NA,NA,NA
"2015","MUNICIPIO",3501608,"0,811",NA,NA,NA
"2015","MUNICIPIO",3501707,"0,751",NA,NA,NA
"2015","MUNICIPIO",3501806,"0,745",NA,NA,NA
"2015","MUNICIPIO",3501905,"0,606",NA,NA,NA
"2015","MUNICIPIO",3501905,"0,785",NA,NA,NA
"2015","MUNICIPIO",3502002,"0,754",NA,NA,NA
"2015","MUNICIPIO",3502101,"0,779",NA,NA,NA
"2015","MUNICIPIO",3502200,"0,719",NA,NA,NA
"2015","MUNICIPIO",3502309,"0,721",NA,NA,NA
"2015","MUNICIPIO",3502408,"0,741",NA,NA,NA
"2015","MUNICIPIO",3502507,"0,578",NA,NA,NA
"2015","MUNICIPIO",3502507,"0,755",NA,NA,NA
"2015","MUNICIPIO",3502606,"0,721",NA,NA,NA
"2015","MUNICIPIO",3502705,"0,71",NA,NA,NA
"2015","MUNICIPIO",3502754,"0,704",NA,NA,NA
"2015","MUNICIPIO",3502804,"0,788",NA,NA,NA
"2015","MUNICIPIO",3502903,"0,776",NA,NA,NA
"2015","MUNICIPIO",3503000,"0,74",NA,NA,NA
"2015","MUNICIPIO",3503109,"0,685",NA,NA,NA
"2015","MUNICIPIO",3503158,"0,68",NA,NA,NA
"2015","MUNICIPIO",3503208,"0,815",NA,NA,NA
"2015","MUNICIPIO",3503307,"0,781",NA,NA,NA
"2015","MUNICIPIO",3503356,"0,722",NA,NA,NA
"2015","MUNICIPIO",3503406,"0,744",NA,NA,NA
"2015","MUNICIPIO",3503505,"0,697",NA,NA,NA
"2015","MUNICIPIO",3503604,"0,695",NA,NA,NA
"2015","MUNICIPIO",3503703,"0,733",NA,NA,NA
"2015","MUNICIPIO",3503802,"0,749",NA,NA,NA
"2015","MUNICIPIO",3503901,"0,784",NA,NA,NA
"2015","MUNICIPIO",3503950,"0,735",NA,NA,NA
"2015","MUNICIPIO",3504008,"0,805",NA,NA,NA
"2015","MUNICIPIO",3504107,"0,765",NA,NA,NA
"2015","MUNICIPIO",3504206,"0,773",NA,NA,NA
"2015","MUNICIPIO",3504305,"0,714",NA,NA,NA
"2015","MUNICIPIO",3504404,"0,705",NA,NA,NA
"2015","MUNICIPIO",3504503,"0,767",NA,NA,NA
"2015","MUNICIPIO",3504602,"0,746",NA,NA,NA
"2015","MUNICIPIO",3504701,"0,669",NA,NA,NA
"2015","MUNICIPIO",3504800,"0,756",NA,NA,NA
"2015","MUNICIPIO",3504909,"0,733",NA,NA,NA
"2015","MUNICIPIO",3505005,"0,711",NA,NA,NA
"2015","MUNICIPIO",3505104,"0,699",NA,NA,NA
"2015","MUNICIPIO",3505203,"0,75",NA,NA,NA
"2015","MUNICIPIO",3505302,"0,701",NA,NA,NA
"2015","MUNICIPIO",3505302,"0,788",NA,NA,NA
"2015","MUNICIPIO",3505351,"0,66",NA,NA,NA
"2015","MUNICIPIO",3505401,"0,641",NA,NA,NA
"2015","MUNICIPIO",3505500,"0,789",NA,NA,NA
"2015","MUNICIPIO",3505609,"0,725",NA,NA,NA
"2015","MUNICIPIO",3505708,"0,786",NA,NA,NA
"2015","MUNICIPIO",3505807,"0,751",NA,NA,NA
"2015","MUNICIPIO",3505906,"0,761",NA,NA,NA
"2015","MUNICIPIO",3506003,"0,801",NA,NA,NA
"2015","MUNICIPIO",3506102,"0,78",NA,NA,NA
"2015","MUNICIPIO",3506201,"0,744",NA,NA,NA
"2015","MUNICIPIO",3506300,"0,734",NA,NA,NA
"2015","MUNICIPIO",3506359,"0,73",NA,NA,NA
"2015","MUNICIPIO",3506409,"0,768",NA,NA,NA
"2015","MUNICIPIO",3506508,"0,78",NA,NA,NA
"2015","MUNICIPIO",3506607,"0,712",NA,NA,NA
"2015","MUNICIPIO",3506706,"0,681",NA,NA,NA
"2015","MUNICIPIO",3506805,"0,632",NA,NA,NA
"2015","MUNICIPIO",3506805,"0,742",NA,NA,NA
"2015","MUNICIPIO",3506904,"0,705",NA,NA,NA
"2015","MUNICIPIO",3507001,"0,78",NA,NA,NA
"2015","MUNICIPIO",3507100,"0,713",NA,NA,NA
"2015","MUNICIPIO",3507159,"0,66",NA,NA,NA
"2015","MUNICIPIO",3507209,"0,746",NA,NA,NA
"2015","MUNICIPIO",3507308,"0,754",NA,NA,NA
"2015","MUNICIPIO",3507407,"0,558",NA,NA,NA
"2015","MUNICIPIO",3507407,"0,73",NA,NA,NA
"2015","MUNICIPIO",3507456,"0,705",NA,NA,NA
"2015","MUNICIPIO",3507506,"0,8",NA,NA,NA
"2015","MUNICIPIO",3507605,"0,776",NA,NA,NA
"2015","MUNICIPIO",3507704,"0,737",NA,NA,NA
"2015","MUNICIPIO",3507753,"0,71",NA,NA,NA
"2015","MUNICIPIO",3507803,"0,755",NA,NA,NA
"2015","MUNICIPIO",3507902,"0,74",NA,NA,NA
"2015","MUNICIPIO",3508009,"0,667",NA,NA,NA
"2015","MUNICIPIO",3508108,"0,763",NA,NA,NA
"2015","MUNICIPIO",3508207,"0,735",NA,NA,NA
"2015","MUNICIPIO",3508306,"0,694",NA,NA,NA
"2015","MUNICIPIO",3508405,"0,738",NA,NA,NA
"2015","MUNICIPIO",3508504,"0,788",NA,NA,NA
"2015","MUNICIPIO",3508603,"0,764",NA,NA,NA
"2015","MUNICIPIO",3508702,"0,72",NA,NA,NA
"2015","MUNICIPIO",3508801,"0,748",NA,NA,NA
"2015","MUNICIPIO",3508801,"0,742",NA,NA,NA
"2015","MUNICIPIO",3508900,"0,729",NA,NA,NA
"2015","MUNICIPIO",3509007,"0,781",NA,NA,NA
"2015","MUNICIPIO",3509106,"0,697",NA,NA,NA
"2015","MUNICIPIO",3509205,"0,728",NA,NA,NA
"2015","MUNICIPIO",3509254,"0,694",NA,NA,NA
"2015","MUNICIPIO",3509304,"0,734",NA,NA,NA
"2015","MUNICIPIO",3509403,"0,713",NA,NA,NA
"2015","MUNICIPIO",3509452,"0,717",NA,NA,NA
"2015","MUNICIPIO",3509502,"0,805",NA,NA,NA
"2015","MUNICIPIO",3509601,"0,769",NA,NA,NA
"2015","MUNICIPIO",3509700,"0,749",NA,NA,NA
"2015","MUNICIPIO",3509809,"0,706",NA,NA,NA
"2015","MUNICIPIO",3509908,"0,72",NA,NA,NA
"2015","MUNICIPIO",3509957,"0,704",NA,NA,NA
"2015","MUNICIPIO",3510005,"0,747",NA,NA,NA
"2015","MUNICIPIO",3510104,"0,789",NA,NA,NA
"2015","MUNICIPIO",3510153,"0,68",NA,NA,NA
"2015","MUNICIPIO",3510203,"0,721",NA,NA,NA
"2015","MUNICIPIO",3510302,"0,699",NA,NA,NA
"2015","MUNICIPIO",3510401,"0,75",NA,NA,NA
"2015","MUNICIPIO",3510500,"0,759",NA,NA,NA
"2015","MUNICIPIO",3510609,"0,749",NA,NA,NA
"2015","MUNICIPIO",3510708,"0,722",NA,NA,NA
"2015","MUNICIPIO",3510807,"0,73",NA,NA,NA
"2015","MUNICIPIO",3510906,"0,734",NA,NA,NA
"2015","MUNICIPIO",3511003,"0,731",NA,NA,NA
"2015","MUNICIPIO",3511102,"0,785",NA,NA,NA
"2015","MUNICIPIO",3511201,"0,751",NA,NA,NA
"2015","MUNICIPIO",3511300,"0,605",NA,NA,NA
"2015","MUNICIPIO",3511300,"0,766",NA,NA,NA
"2015","MUNICIPIO",3511409,"0,729",NA,NA,NA
"2015","MUNICIPIO",3511508,"0,782",NA,NA,NA
"2015","MUNICIPIO",3511607,"0,706",NA,NA,NA
"2015","MUNICIPIO",3511706,"0,736",NA,NA,NA
"2015","MUNICIPIO",3557204,"0,729",NA,NA,NA
"2015","MUNICIPIO",3511904,"0,725",NA,NA,NA
"2015","MUNICIPIO",3512001,"0,757",NA,NA,NA
"2015","MUNICIPIO",3512100,"0,71",NA,NA,NA
"2015","MUNICIPIO",3512209,"0,708",NA,NA,NA
"2015","MUNICIPIO",3512308,"0,736",NA,NA,NA
"2015","MUNICIPIO",3512407,"0,758",NA,NA,NA
"2015","MUNICIPIO",3512506,"0,719",NA,NA,NA
"2015","MUNICIPIO",3512605,"0,69",NA,NA,NA
"2015","MUNICIPIO",3512704,"0,754",NA,NA,NA
"2015","MUNICIPIO",3512803,"0,769",NA,NA,NA
"2015","MUNICIPIO",3512902,"0,722",NA,NA,NA
"2015","MUNICIPIO",3513009,"0,78",NA,NA,NA
"2015","MUNICIPIO",3513108,"0,756",NA,NA,NA
"2015","MUNICIPIO",3513207,"0,734",NA,NA,NA
"2015","MUNICIPIO",3513306,"0,774",NA,NA,NA
"2015","MUNICIPIO",3513405,"0,788",NA,NA,NA
"2015","MUNICIPIO",3513504,"0,737",NA,NA,NA
"2015","MUNICIPIO",3513603,"0,684",NA,NA,NA
"2015","MUNICIPIO",3513702,"0,76",NA,NA,NA
"2015","MUNICIPIO",3513801,"0,757",NA,NA,NA
"2015","MUNICIPIO",3513850,"0,741",NA,NA,NA
"2015","MUNICIPIO",3513900,"0,734",NA,NA,NA
"2015","MUNICIPIO",3514007,"0,718",NA,NA,NA
"2015","MUNICIPIO",3514106,"0,725",NA,NA,NA
"2015","MUNICIPIO",3514205,"0,742",NA,NA,NA
"2015","MUNICIPIO",3514304,"0,738",NA,NA,NA
"2015","MUNICIPIO",3514403,"0,776",NA,NA,NA
"2015","MUNICIPIO",3514502,"0,748",NA,NA,NA
"2015","MUNICIPIO",3514601,"0,744",NA,NA,NA
"2015","MUNICIPIO",3514700,"0,745",NA,NA,NA
"2015","MUNICIPIO",3514809,"0,684",NA,NA,NA
"2015","MUNICIPIO",3514809,"0,691",NA,NA,NA
"2015","MUNICIPIO",3514908,"0,695",NA,NA,NA
"2015","MUNICIPIO",3514924,"0,747",NA,NA,NA
"2015","MUNICIPIO",3514957,"0,73",NA,NA,NA
"2015","MUNICIPIO",3515004,"0,735",NA,NA,NA
"2015","MUNICIPIO",3515103,"0,749",NA,NA,NA
"2015","MUNICIPIO",3515129,"0,727",NA,NA,NA
"2015","MUNICIPIO",3515152,"0,732",NA,NA,NA
"2015","MUNICIPIO",3515186,"0,787",NA,NA,NA
"2015","MUNICIPIO",3515194,"0,696",NA,NA,NA
"2015","MUNICIPIO",3557303,"0,74",NA,NA,NA
"2015","MUNICIPIO",3515301,"0,707",NA,NA,NA
"2015","MUNICIPIO",3515301,"0,74",NA,NA,NA
"2015","MUNICIPIO",3515202,"0,76",NA,NA,NA
"2015","MUNICIPIO",3515350,"0,704",NA,NA,NA
"2015","MUNICIPIO",3515400,"0,732",NA,NA,NA
"2015","MUNICIPIO",3515608,"0,758",NA,NA,NA
"2015","MUNICIPIO",3515509,"0,797",NA,NA,NA
"2015","MUNICIPIO",3515657,"0,703",NA,NA,NA
"2015","MUNICIPIO",3515707,"0,738",NA,NA,NA
"2015","MUNICIPIO",3515806,"0,727",NA,NA,NA
"2015","MUNICIPIO",3515905,"0,747",NA,NA,NA
"2015","MUNICIPIO",3516002,"0,715",NA,NA,NA
"2015","MUNICIPIO",3516101,"0,713",NA,NA,NA
"2015","MUNICIPIO",3516200,"0,78",NA,NA,NA
"2015","MUNICIPIO",3516309,"0,703",NA,NA,NA
"2015","MUNICIPIO",3516408,"0,731",NA,NA,NA
"2015","MUNICIPIO",3516507,"0,763",NA,NA,NA
"2015","MUNICIPIO",3516606,"0,709",NA,NA,NA
"2015","MUNICIPIO",3516705,"0,769",NA,NA,NA
"2015","MUNICIPIO",3516804,"0,723",NA,NA,NA
"2015","MUNICIPIO",3516853,"0,719",NA,NA,NA
"2015","MUNICIPIO",3516903,"0,747",NA,NA,NA
"2015","MUNICIPIO",3517000,"0,717",NA,NA,NA
"2015","MUNICIPIO",3517109,"0,735",NA,NA,NA
"2015","MUNICIPIO",3517208,"0,739",NA,NA,NA
"2015","MUNICIPIO",3517307,"0,728",NA,NA,NA
"2015","MUNICIPIO",3517406,"0,724",NA,NA,NA
"2015","MUNICIPIO",3517406,"0,753",NA,NA,NA
"2015","MUNICIPIO",3517505,"0,725",NA,NA,NA
"2015","MUNICIPIO",3517604,"0,675",NA,NA,NA
"2015","MUNICIPIO",3517703,"0,718",NA,NA,NA
"2015","MUNICIPIO",3517802,"0,719",NA,NA,NA
"2015","MUNICIPIO",3517901,"0,698",NA,NA,NA
"2015","MUNICIPIO",3517901,"0,737",NA,NA,NA
"2015","MUNICIPIO",3518008,"0,732",NA,NA,NA
"2015","MUNICIPIO",3518107,"0,713",NA,NA,NA
"2015","MUNICIPIO",3518206,"0,763",NA,NA,NA
"2015","MUNICIPIO",3518305,"0,731",NA,NA,NA
"2015","MUNICIPIO",3518404,"0,798",NA,NA,NA
"2015","MUNICIPIO",3518503,"0,687",NA,NA,NA
"2015","MUNICIPIO",3518602,"0,719",NA,NA,NA
"2015","MUNICIPIO",3518701,"0,751",NA,NA,NA
"2015","MUNICIPIO",3518800,"0,763",NA,NA,NA
"2015","MUNICIPIO",3518859,"0,743",NA,NA,NA
"2015","MUNICIPIO",3518909,"0,697",NA,NA,NA
"2015","MUNICIPIO",3519006,"0,727",NA,NA,NA
"2015","MUNICIPIO",3519055,"0,793",NA,NA,NA
"2015","MUNICIPIO",3519071,"0,756",NA,NA,NA
"2015","MUNICIPIO",3519105,"0,745",NA,NA,NA
"2015","MUNICIPIO",3519204,"0,733",NA,NA,NA
"2015","MUNICIPIO",3519253,"0,674",NA,NA,NA
"2015","MUNICIPIO",3519303,"0,703",NA,NA,NA
"2015","MUNICIPIO",3519402,"0,74",NA,NA,NA
"2015","MUNICIPIO",3519501,"0,708",NA,NA,NA
"2015","MUNICIPIO",3519600,"0,747",NA,NA,NA
"2015","MUNICIPIO",3519709,"0,71",NA,NA,NA
"2015","MUNICIPIO",3519808,"0,72",NA,NA,NA
"2015","MUNICIPIO",3519907,"0,736",NA,NA,NA
"2015","MUNICIPIO",3520004,"0,727",NA,NA,NA
"2015","MUNICIPIO",3520103,"0,768",NA,NA,NA
"2015","MUNICIPIO",3520202,"0,711",NA,NA,NA
"2015","MUNICIPIO",3520301,"0,726",NA,NA,NA
"2015","MUNICIPIO",3520426,"0,725",NA,NA,NA
"2015","MUNICIPIO",3520442,"0,812",NA,NA,NA
"2015","MUNICIPIO",3520400,"0,756",NA,NA,NA
"2015","MUNICIPIO",3520509,"0,788",NA,NA,NA
"2015","MUNICIPIO",3520608,"0,761",NA,NA,NA
"2015","MUNICIPIO",3520707,"0,751",NA,NA,NA
"2015","MUNICIPIO",3520806,"0,759",NA,NA,NA
"2015","MUNICIPIO",3520905,"0,727",NA,NA,NA
"2015","MUNICIPIO",3521002,"0,719",NA,NA,NA
"2015","MUNICIPIO",3521101,"0,753",NA,NA,NA
"2015","MUNICIPIO",3521150,"0,73",NA,NA,NA
"2015","MUNICIPIO",3521200,"0,703",NA,NA,NA
"2015","MUNICIPIO",3521309,"0,749",NA,NA,NA
"2015","MUNICIPIO",3521408,"0,776",NA,NA,NA
"2015","MUNICIPIO",3521507,"0,713",NA,NA,NA
"2015","MUNICIPIO",3521606,"0,712",NA,NA,NA
"2015","MUNICIPIO",3521705,"0,693",NA,NA,NA
"2015","MUNICIPIO",3521804,"0,713",NA,NA,NA
"2015","MUNICIPIO",3521903,"0,73",NA,NA,NA
"2015","MUNICIPIO",3522000,"0,705",NA,NA,NA
"2015","MUNICIPIO",3522109,"0,745",NA,NA,NA
"2015","MUNICIPIO",3522158,"0,68",NA,NA,NA
"2015","MUNICIPIO",3522208,"0,742",NA,NA,NA
"2015","MUNICIPIO",3522307,"0,763",NA,NA,NA
"2015","MUNICIPIO",3522406,"0,72",NA,NA,NA
"2015","MUNICIPIO",3522406,"0,732",NA,NA,NA
"2015","MUNICIPIO",3522505,"0,735",NA,NA,NA
"2015","MUNICIPIO",3522604,"0,762",NA,NA,NA
"2015","MUNICIPIO",3522653,"0,661",NA,NA,NA
"2015","MUNICIPIO",3522703,"0,744",NA,NA,NA
"2015","MUNICIPIO",3522802,"0,615",NA,NA,NA
"2015","MUNICIPIO",3522802,"0,719",NA,NA,NA
"2015","MUNICIPIO",3522901,"0,725",NA,NA,NA
"2015","MUNICIPIO",3523008,"0,72",NA,NA,NA
"2015","MUNICIPIO",3523107,"0,714",NA,NA,NA
"2015","MUNICIPIO",3523206,"0,703",NA,NA,NA
"2015","MUNICIPIO",3523305,"0,677",NA,NA,NA
"2015","MUNICIPIO",3523404,"0,778",NA,NA,NA
"2015","MUNICIPIO",3523503,"0,706",NA,NA,NA
"2015","MUNICIPIO",3523602,"0,724",NA,NA,NA
"2015","MUNICIPIO",3523701,"0,707",NA,NA,NA
"2015","MUNICIPIO",3523800,"0,717",NA,NA,NA
"2015","MUNICIPIO",3523909,"0,773",NA,NA,NA
"2015","MUNICIPIO",3524006,"0,762",NA,NA,NA
"2015","MUNICIPIO",3524105,"0,765",NA,NA,NA
"2015","MUNICIPIO",3524204,"0,613",NA,NA,NA
"2015","MUNICIPIO",3524204,"0,711",NA,NA,NA
"2015","MUNICIPIO",3524303,"0,778",NA,NA,NA
"2015","MUNICIPIO",3524402,"0,777",NA,NA,NA
"2015","MUNICIPIO",3524501,"0,723",NA,NA,NA
"2015","MUNICIPIO",3524600,"0,717",NA,NA,NA
"2015","MUNICIPIO",3524709,"0,784",NA,NA,NA
"2015","MUNICIPIO",3524808,"0,776",NA,NA,NA
"2015","MUNICIPIO",3524907,"0,756",NA,NA,NA
"2015","MUNICIPIO",3525003,"0,76",NA,NA,NA
"2015","MUNICIPIO",3525102,"0,709",NA,NA,NA
"2015","MUNICIPIO",3525102,"0,735",NA,NA,NA
"2015","MUNICIPIO",3525201,"0,733",NA,NA,NA
"2015","MUNICIPIO",3525300,"0,778",NA,NA,NA
"2015","MUNICIPIO",3525409,"0,703",NA,NA,NA
"2015","MUNICIPIO",3525508,"0,699",NA,NA,NA
"2015","MUNICIPIO",3525607,"0,741",NA,NA,NA
"2015","MUNICIPIO",3525706,"0,777",NA,NA,NA
"2015","MUNICIPIO",3525805,"0,716",NA,NA,NA
"2015","MUNICIPIO",3525854,"0,741",NA,NA,NA
"2015","MUNICIPIO",3525904,"0,822",NA,NA,NA
"2015","MUNICIPIO",3526001,"0,745",NA,NA,NA
"2015","MUNICIPIO",3526100,"0,7",NA,NA,NA
"2015","MUNICIPIO",3526209,"0,709",NA,NA,NA
"2015","MUNICIPIO",3526308,"0,693",NA,NA,NA
"2015","MUNICIPIO",3526407,"0,729",NA,NA,NA
"2015","MUNICIPIO",3526506,"0,721",NA,NA,NA
"2015","MUNICIPIO",3526605,"0,729",NA,NA,NA
"2015","MUNICIPIO",3526704,"0,744",NA,NA,NA
"2015","MUNICIPIO",3526803,"0,764",NA,NA,NA
"2015","MUNICIPIO",3526902,"0,775",NA,NA,NA
"2015","MUNICIPIO",3527009,"0,742",NA,NA,NA
"2015","MUNICIPIO",3527108,"0,786",NA,NA,NA
"2015","MUNICIPIO",3527207,"0,766",NA,NA,NA
"2015","MUNICIPIO",3527256,"0,742",NA,NA,NA
"2015","MUNICIPIO",3527306,"0,777",NA,NA,NA
"2015","MUNICIPIO",3527405,"0,752",NA,NA,NA
"2015","MUNICIPIO",3527504,"0,733",NA,NA,NA
"2015","MUNICIPIO",3527603,"0,731",NA,NA,NA
"2015","MUNICIPIO",3527702,"0,702",NA,NA,NA
"2015","MUNICIPIO",3527801,"0,724",NA,NA,NA
"2015","MUNICIPIO",3527900,"0,72",NA,NA,NA
"2015","MUNICIPIO",3528007,"0,77",NA,NA,NA
"2015","MUNICIPIO",3528106,"0,743",NA,NA,NA
"2015","MUNICIPIO",3528205,"0,74",NA,NA,NA
"2015","MUNICIPIO",3528304,"0,753",NA,NA,NA
"2015","MUNICIPIO",3528403,"0,743",NA,NA,NA
"2015","MUNICIPIO",3528502,"0,788",NA,NA,NA
"2015","MUNICIPIO",3528601,"0,739",NA,NA,NA
"2015","MUNICIPIO",3528700,"0,677",NA,NA,NA
"2015","MUNICIPIO",3528809,"0,771",NA,NA,NA
"2015","MUNICIPIO",3528858,"0,752",NA,NA,NA
"2015","MUNICIPIO",3528908,"0,718",NA,NA,NA
"2015","MUNICIPIO",3529005,"0,798",NA,NA,NA
"2015","MUNICIPIO",3529104,"0,731",NA,NA,NA
"2015","MUNICIPIO",3529203,"0,721",NA,NA,NA
"2015","MUNICIPIO",3529302,"0,773",NA,NA,NA
"2015","MUNICIPIO",3529401,"0,766",NA,NA,NA
"2015","MUNICIPIO",3529500,"0,744",NA,NA,NA
"2015","MUNICIPIO",3529609,"0,731",NA,NA,NA
"2015","MUNICIPIO",3529658,"0,724",NA,NA,NA
"2015","MUNICIPIO",3529708,"0,741",NA,NA,NA
"2015","MUNICIPIO",3529807,"0,73",NA,NA,NA
"2015","MUNICIPIO",3530003,"0,743",NA,NA,NA
"2015","MUNICIPIO",3529906,"0,697",NA,NA,NA
"2015","MUNICIPIO",3530102,"0,751",NA,NA,NA
"2015","MUNICIPIO",3530201,"0,724",NA,NA,NA
"2015","MUNICIPIO",3530300,"0,762",NA,NA,NA
"2015","MUNICIPIO",3530409,"0,738",NA,NA,NA
"2015","MUNICIPIO",3530508,"0,762",NA,NA,NA
"2015","MUNICIPIO",3530607,"0,783",NA,NA,NA
"2015","MUNICIPIO",3530706,"0,774",NA,NA,NA
"2015","MUNICIPIO",3530805,"0,784",NA,NA,NA
"2015","MUNICIPIO",3530904,"0,719",NA,NA,NA
"2015","MUNICIPIO",3531001,"0,772",NA,NA,NA
"2015","MUNICIPIO",3531100,"0,754",NA,NA,NA
"2015","MUNICIPIO",3531209,"0,759",NA,NA,NA
"2015","MUNICIPIO",3531308,"0,768",NA,NA,NA
"2015","MUNICIPIO",3531407,"0,785",NA,NA,NA
"2015","MUNICIPIO",3531506,"0,753",NA,NA,NA
"2015","MUNICIPIO",3531605,"0,675",NA,NA,NA
"2015","MUNICIPIO",3531605,"0,741",NA,NA,NA
"2015","MUNICIPIO",3531803,"0,733",NA,NA,NA
"2015","MUNICIPIO",3531704,"0,71",NA,NA,NA
"2015","MUNICIPIO",3531902,"0,712",NA,NA,NA
"2015","MUNICIPIO",3532009,"0,715",NA,NA,NA
"2015","MUNICIPIO",3532058,"0,741",NA,NA,NA
"2015","MUNICIPIO",3532108,"0,726",NA,NA,NA
"2015","MUNICIPIO",3532157,"0,714",NA,NA,NA
"2015","MUNICIPIO",3532207,"0,718",NA,NA,NA
"2015","MUNICIPIO",3532306,"0,655",NA,NA,NA
"2015","MUNICIPIO",3532405,"0,678",NA,NA,NA
"2015","MUNICIPIO",3532504,"0,754",NA,NA,NA
"2015","MUNICIPIO",3532603,"0,751",NA,NA,NA
"2015","MUNICIPIO",3532702,"0,713",NA,NA,NA
"2015","MUNICIPIO",3532801,"0,738",NA,NA,NA
"2015","MUNICIPIO",3532827,"0,651",NA,NA,NA
"2015","MUNICIPIO",3532843,"0,715",NA,NA,NA
"2015","MUNICIPIO",3532868,"0,756",NA,NA,NA
"2015","MUNICIPIO",3532900,"0,765",NA,NA,NA
"2015","MUNICIPIO",3533007,"0,739",NA,NA,NA
"2015","MUNICIPIO",3533106,"0,726",NA,NA,NA
"2015","MUNICIPIO",3533205,"0,735",NA,NA,NA
"2015","MUNICIPIO",3533304,"0,743",NA,NA,NA
"2015","MUNICIPIO",3533403,"0,791",NA,NA,NA
"2015","MUNICIPIO",3533254,"0,719",NA,NA,NA
"2015","MUNICIPIO",3533502,"0,597",NA,NA,NA
"2015","MUNICIPIO",3533502,"0,706",NA,NA,NA
"2015","MUNICIPIO",3533502,"0,753",NA,NA,NA
"2015","MUNICIPIO",3533601,"0,746",NA,NA,NA
"2015","MUNICIPIO",3533700,"0,717",NA,NA,NA
"2015","MUNICIPIO",3533809,"0,73",NA,NA,NA
"2015","MUNICIPIO",3533908,"0,773",NA,NA,NA
"2015","MUNICIPIO",3534005,"0,738",NA,NA,NA
"2015","MUNICIPIO",3534104,"0,77",NA,NA,NA
"2015","MUNICIPIO",3534203,"0,767",NA,NA,NA
"2015","MUNICIPIO",3534302,"0,78",NA,NA,NA
"2015","MUNICIPIO",3534401,"0,776",NA,NA,NA
"2015","MUNICIPIO",3534500,"0,749",NA,NA,NA
"2015","MUNICIPIO",3534609,"0,762",NA,NA,NA
"2015","MUNICIPIO",3534708,"0,778",NA,NA,NA
"2015","MUNICIPIO",3534807,"0,695",NA,NA,NA
"2015","MUNICIPIO",3534807,"0,692",NA,NA,NA
"2015","MUNICIPIO",3534757,"0,77",NA,NA,NA
"2015","MUNICIPIO",3534906,"0,725",NA,NA,NA
"2015","MUNICIPIO",3535002,"0,558",NA,NA,NA
"2015","MUNICIPIO",3535002,"0,732",NA,NA,NA
"2015","MUNICIPIO",3535101,"0,722",NA,NA,NA
"2015","MUNICIPIO",3535200,"0,753",NA,NA,NA
"2015","MUNICIPIO",3535309,"0,639",NA,NA,NA
"2015","MUNICIPIO",3535309,"0,746",NA,NA,NA
"2015","MUNICIPIO",3535408,"0,722",NA,NA,NA
"2015","MUNICIPIO",3535507,"0,762",NA,NA,NA
"2015","MUNICIPIO",3535606,"0,719",NA,NA,NA
"2015","MUNICIPIO",3535705,"0,7",NA,NA,NA
"2015","MUNICIPIO",3535705,"0,749",NA,NA,NA
"2015","MUNICIPIO",3535804,"0,717",NA,NA,NA
"2015","MUNICIPIO",3535903,"0,732",NA,NA,NA
"2015","MUNICIPIO",3536000,"0,737",NA,NA,NA
"2015","MUNICIPIO",3536109,"0,727",NA,NA,NA
"2015","MUNICIPIO",3536208,"0,736",NA,NA,NA
"2015","MUNICIPIO",3536257,"0,721",NA,NA,NA
"2015","MUNICIPIO",3536307,"0,73",NA,NA,NA
"2015","MUNICIPIO",3536406,"0,711",NA,NA,NA
"2015","MUNICIPIO",3536505,"0,795",NA,NA,NA
"2015","MUNICIPIO",3536570,"0,718",NA,NA,NA
"2015","MUNICIPIO",3536604,"0,725",NA,NA,NA
"2015","MUNICIPIO",3536703,"0,739",NA,NA,NA
"2015","MUNICIPIO",3536802,"0,677",NA,NA,NA
"2015","MUNICIPIO",3536901,"0,742",NA,NA,NA
"2015","MUNICIPIO",3537008,"0,715",NA,NA,NA
"2015","MUNICIPIO",3537107,"0,769",NA,NA,NA
"2015","MUNICIPIO",3537156,"0,774",NA,NA,NA
"2015","MUNICIPIO",3537206,"0,696",NA,NA,NA
"2015","MUNICIPIO",3537305,"0,759",NA,NA,NA
"2015","MUNICIPIO",3537404,"0,766",NA,NA,NA
"2015","MUNICIPIO",3537503,"0,736",NA,NA,NA
"2015","MUNICIPIO",3537602,"0,749",NA,NA,NA
"2015","MUNICIPIO",3537701,"0,732",NA,NA,NA
"2015","MUNICIPIO",3537800,"0,716",NA,NA,NA
"2015","MUNICIPIO",3537909,"0,69",NA,NA,NA
"2015","MUNICIPIO",3538006,"0,773",NA,NA,NA
"2015","MUNICIPIO",3538105,"0,737",NA,NA,NA
"2015","MUNICIPIO",3538204,"0,783",NA,NA,NA
"2015","MUNICIPIO",3538204,"0,725",NA,NA,NA
"2015","MUNICIPIO",3538303,"0,711",NA,NA,NA
"2015","MUNICIPIO",3538501,"0,757",NA,NA,NA
"2015","MUNICIPIO",3538600,"0,739",NA,NA,NA
"2015","MUNICIPIO",3538709,"0,785",NA,NA,NA
"2015","MUNICIPIO",3538808,"0,758",NA,NA,NA
"2015","MUNICIPIO",3538907,"0,749",NA,NA,NA
"2015","MUNICIPIO",3539004,"0,756",NA,NA,NA
"2015","MUNICIPIO",3539103,"0,727",NA,NA,NA
"2015","MUNICIPIO",3539202,"0,776",NA,NA,NA
"2015","MUNICIPIO",3539301,"0,801",NA,NA,NA
"2015","MUNICIPIO",3539400,"0,779",NA,NA,NA
"2015","MUNICIPIO",3539509,"0,71",NA,NA,NA
"2015","MUNICIPIO",3539509,"0,723",NA,NA,NA
"2015","MUNICIPIO",3539608,"0,56",NA,NA,NA
"2015","MUNICIPIO",3539608,"0,706",NA,NA,NA
"2015","MUNICIPIO",3539608,"0,687",NA,NA,NA
"2015","MUNICIPIO",3539608,"0,719",NA,NA,NA
"2015","MUNICIPIO",3539707,"0,719",NA,NA,NA
"2015","MUNICIPIO",3539806,"0,771",NA,NA,NA
"2015","MUNICIPIO",3539905,"0,766",NA,NA,NA
"2015","MUNICIPIO",3540002,"0,786",NA,NA,NA
"2015","MUNICIPIO",3540101,"0,755",NA,NA,NA
"2015","MUNICIPIO",3540200,"0,725",NA,NA,NA
"2015","MUNICIPIO",3540259,"0,702",NA,NA,NA
"2015","MUNICIPIO",3540309,"0,732",NA,NA,NA
"2015","MUNICIPIO",3540408,"0,714",NA,NA,NA
"2015","MUNICIPIO",3540507,"0,703",NA,NA,NA
"2015","MUNICIPIO",3540606,"0,758",NA,NA,NA
"2015","MUNICIPIO",3540705,"0,751",NA,NA,NA
"2015","MUNICIPIO",3540754,"0,697",NA,NA,NA
"2015","MUNICIPIO",3540804,"0,747",NA,NA,NA
"2015","MUNICIPIO",3540853,"0,696",NA,NA,NA
"2015","MUNICIPIO",3540903,"0,733",NA,NA,NA
"2015","MUNICIPIO",3541000,"0,718",NA,NA,NA
"2015","MUNICIPIO",3541000,"0,754",NA,NA,NA
"2015","MUNICIPIO",3541059,"0,701",NA,NA,NA
"2015","MUNICIPIO",3541109,"0,735",NA,NA,NA
"2015","MUNICIPIO",3541208,"0,632",NA,NA,NA
"2015","MUNICIPIO",3541208,"0,757",NA,NA,NA
"2015","MUNICIPIO",3541307,"0,75",NA,NA,NA
"2015","MUNICIPIO",3541406,"0,806",NA,NA,NA
"2015","MUNICIPIO",3541505,"0,763",NA,NA,NA
"2015","MUNICIPIO",3541604,"0,743",NA,NA,NA
"2015","MUNICIPIO",3541653,"0,678",NA,NA,NA
"2015","MUNICIPIO",3541703,"0,738",NA,NA,NA
"2015","MUNICIPIO",3541802,"0,715",NA,NA,NA
"2015","MUNICIPIO",3541901,"0,722",NA,NA,NA
"2015","MUNICIPIO",3542008,"0,732",NA,NA,NA
"2015","MUNICIPIO",3542107,"0,745",NA,NA,NA
"2015","MUNICIPIO",3542206,"0,751",NA,NA,NA
"2015","MUNICIPIO",3542305,"0,657",NA,NA,NA
"2015","MUNICIPIO",3542404,"0,768",NA,NA,NA
"2015","MUNICIPIO",3542503,"0,728",NA,NA,NA
"2015","MUNICIPIO",3542602,"0,754",NA,NA,NA
"2015","MUNICIPIO",3542701,"0,705",NA,NA,NA
"2015","MUNICIPIO",3542800,"0,698",NA,NA,NA
"2015","MUNICIPIO",3542909,"0,712",NA,NA,NA
"2015","MUNICIPIO",3543006,"0,639",NA,NA,NA
"2015","MUNICIPIO",3543105,"0,711",NA,NA,NA
"2015","MUNICIPIO",3543204,"0,747",NA,NA,NA
"2015","MUNICIPIO",3543238,"0,721",NA,NA,NA
"2015","MUNICIPIO",3543253,"0,705",NA,NA,NA
"2015","MUNICIPIO",3543303,"0,784",NA,NA,NA
"2015","MUNICIPIO",3543402,"0,8",NA,NA,NA
"2015","MUNICIPIO",3543600,"0,74",NA,NA,NA
"2015","MUNICIPIO",3543709,"0,734",NA,NA,NA
"2015","MUNICIPIO",3543808,"0,723",NA,NA,NA
"2015","MUNICIPIO",3543907,"0,683",NA,NA,NA
"2015","MUNICIPIO",3543907,"0,803",NA,NA,NA
"2015","MUNICIPIO",3544004,"0,759",NA,NA,NA
"2015","MUNICIPIO",3544103,"0,749",NA,NA,NA
"2015","MUNICIPIO",3544202,"0,703",NA,NA,NA
"2015","MUNICIPIO",3543501,"0,664",NA,NA,NA
"2015","MUNICIPIO",3544251,"0,764",NA,NA,NA
"2015","MUNICIPIO",3544301,"0,737",NA,NA,NA
"2015","MUNICIPIO",3544400,"0,721",NA,NA,NA
"2015","MUNICIPIO",3544509,"0,759",NA,NA,NA
"2015","MUNICIPIO",3544608,"0,728",NA,NA,NA
"2015","MUNICIPIO",3544707,"0,73",NA,NA,NA
"2015","MUNICIPIO",3544806,"0,751",NA,NA,NA
"2015","MUNICIPIO",3544905,"0,772",NA,NA,NA
"2015","MUNICIPIO",3545001,"0,732",NA,NA,NA
"2015","MUNICIPIO",3545100,"0,719",NA,NA,NA
"2015","MUNICIPIO",3545159,"0,654",NA,NA,NA
"2015","MUNICIPIO",3545159,"0,791",NA,NA,NA
"2015","MUNICIPIO",3545209,"0,78",NA,NA,NA
"2015","MUNICIPIO",3545308,"0,729",NA,NA,NA
"2015","MUNICIPIO",3545407,"0,704",NA,NA,NA
"2015","MUNICIPIO",3545506,"0,709",NA,NA,NA
"2015","MUNICIPIO",3545605,"0,76",NA,NA,NA
"2015","MUNICIPIO",3545704,"0,728",NA,NA,NA
"2015","MUNICIPIO",3545803,"0,781",NA,NA,NA
"2015","MUNICIPIO",3546009,"0,735",NA,NA,NA
"2015","MUNICIPIO",3546108,"0,733",NA,NA,NA
"2015","MUNICIPIO",3546207,"0,79",NA,NA,NA
"2015","MUNICIPIO",3546256,"0,743",NA,NA,NA
"2015","MUNICIPIO",3546306,"0,728",NA,NA,NA
"2015","MUNICIPIO",3546405,"0,762",NA,NA,NA
"2015","MUNICIPIO",3546504,"0,738",NA,NA,NA
"2015","MUNICIPIO",3546603,"0,784",NA,NA,NA
"2015","MUNICIPIO",3546702,"0,737",NA,NA,NA
"2015","MUNICIPIO",3546801,"0,683",NA,NA,NA
"2015","MUNICIPIO",3546801,"0,738",NA,NA,NA
"2015","MUNICIPIO",3546900,"0,687",NA,NA,NA
"2015","MUNICIPIO",3546900,"0,737",NA,NA,NA
"2015","MUNICIPIO",3547007,"0,686",NA,NA,NA
"2015","MUNICIPIO",3547106,"0,739",NA,NA,NA
"2015","MUNICIPIO",3547502,"0,775",NA,NA,NA
"2015","MUNICIPIO",3547403,"0,761",NA,NA,NA
"2015","MUNICIPIO",3547601,"0,77",NA,NA,NA
"2015","MUNICIPIO",3547650,"0,772",NA,NA,NA
"2015","MUNICIPIO",3547205,"0,773",NA,NA,NA
"2015","MUNICIPIO",3547304,"0,814",NA,NA,NA
"2015","MUNICIPIO",3547700,"0,753",NA,NA,NA
"2015","MUNICIPIO",3547809,"0,6",NA,NA,NA
"2015","MUNICIPIO",3547809,"0,815",NA,NA,NA
"2015","MUNICIPIO",3547908,"0,702",NA,NA,NA
"2015","MUNICIPIO",3548005,"0,702",NA,NA,NA
"2015","MUNICIPIO",3548054,"0,757",NA,NA,NA
"2015","MUNICIPIO",3548104,"0,714",NA,NA,NA
"2015","MUNICIPIO",3548203,"0,706",NA,NA,NA
"2015","MUNICIPIO",3548302,"0,732",NA,NA,NA
"2015","MUNICIPIO",3548401,"0,74",NA,NA,NA
"2015","MUNICIPIO",3548500,"0,84",NA,NA,NA
"2015","MUNICIPIO",3548609,"0,72",NA,NA,NA
"2015","MUNICIPIO",3548708,"0,805",NA,NA,NA
"2015","MUNICIPIO",3548807,"0,862",NA,NA,NA
"2015","MUNICIPIO",3548906,"0,769",NA,NA,NA
"2015","MUNICIPIO",3548906,"0,805",NA,NA,NA
"2015","MUNICIPIO",3549003,"0,638",NA,NA,NA
"2015","MUNICIPIO",3549003,"0,58",NA,NA,NA
"2015","MUNICIPIO",3549003,"0,587",NA,NA,NA
"2015","MUNICIPIO",3549003,"0,723",NA,NA,NA
"2015","MUNICIPIO",3549102,"0,797",NA,NA,NA
"2015","MUNICIPIO",3549201,"0,72",NA,NA,NA
"2015","MUNICIPIO",3549250,"0,748",NA,NA,NA
"2015","MUNICIPIO",3549300,"0,75",NA,NA,NA
"2015","MUNICIPIO",3549409,"0,762",NA,NA,NA
"2015","MUNICIPIO",3549508,"0,693",NA,NA,NA
"2015","MUNICIPIO",3549607,"0,684",NA,NA,NA
"2015","MUNICIPIO",3549706,"0,774",NA,NA,NA
"2015","MUNICIPIO",3549805,"0,797",NA,NA,NA
"2015","MUNICIPIO",3549904,"0,807",NA,NA,NA
"2015","MUNICIPIO",3549953,"0,728",NA,NA,NA
"2015","MUNICIPIO",3550001,"0,697",NA,NA,NA
"2015","MUNICIPIO",3550100,"0,744",NA,NA,NA
"2015","MUNICIPIO",3550209,"0,71",NA,NA,NA
"2015","MUNICIPIO",3550308,"0,805",NA,NA,NA
"2015","MUNICIPIO",3550407,"0,589",NA,NA,NA
"2015","MUNICIPIO",3550407,"0,755",NA,NA,NA
"2015","MUNICIPIO",3550506,"0,703",NA,NA,NA
"2015","MUNICIPIO",3550605,"0,768",NA,NA,NA
"2015","MUNICIPIO",3550704,"0,549",NA,NA,NA
"2015","MUNICIPIO",3550704,"0,772",NA,NA,NA
"2015","MUNICIPIO",3550803,"0,701",NA,NA,NA
"2015","MUNICIPIO",3550902,"0,72",NA,NA,NA
"2015","MUNICIPIO",3550902,"0,766",NA,NA,NA
"2015","MUNICIPIO",3551009,"0,642",NA,NA,NA
"2015","MUNICIPIO",3551009,"0,768",NA,NA,NA
"2015","MUNICIPIO",3551108,"0,707",NA,NA,NA
"2015","MUNICIPIO",3551207,"0,688",NA,NA,NA
"2015","MUNICIPIO",3551306,"0,773",NA,NA,NA
"2015","MUNICIPIO",3551405,"0,686",NA,NA,NA
"2015","MUNICIPIO",3551603,"0,767",NA,NA,NA
"2015","MUNICIPIO",3551504,"0,729",NA,NA,NA
"2015","MUNICIPIO",3551702,"0,621",NA,NA,NA
"2015","MUNICIPIO",3551702,"0,761",NA,NA,NA
"2015","MUNICIPIO",3551801,"0,673",NA,NA,NA
"2015","MUNICIPIO",3551900,"0,715",NA,NA,NA
"2015","MUNICIPIO",3552007,"0,678",NA,NA,NA
"2015","MUNICIPIO",3552106,"0,729",NA,NA,NA
"2015","MUNICIPIO",3552205,"0,798",NA,NA,NA
"2015","MUNICIPIO",3552304,"0,747",NA,NA,NA
"2015","MUNICIPIO",3552403,"0,762",NA,NA,NA
"2015","MUNICIPIO",3552551,"0,699",NA,NA,NA
"2015","MUNICIPIO",3552502,"0,765",NA,NA,NA
"2015","MUNICIPIO",3552601,"0,735",NA,NA,NA
"2015","MUNICIPIO",3552700,"0,616",NA,NA,NA
"2015","MUNICIPIO",3552700,"0,704",NA,NA,NA
"2015","MUNICIPIO",3552809,"0,769",NA,NA,NA
"2015","MUNICIPIO",3552908,"0,723",NA,NA,NA
"2015","MUNICIPIO",3553005,"0,709",NA,NA,NA
"2015","MUNICIPIO",3553104,"0,71",NA,NA,NA
"2015","MUNICIPIO",3553203,"0,76",NA,NA,NA
"2015","MUNICIPIO",3553302,"0,731",NA,NA,NA
"2015","MUNICIPIO",3553401,"0,748",NA,NA,NA
"2015","MUNICIPIO",3553500,"0,667",NA,NA,NA
"2015","MUNICIPIO",3553500,"0,681",NA,NA,NA
"2015","MUNICIPIO",3553609,"0,751",NA,NA,NA
"2015","MUNICIPIO",3553658,"0,759",NA,NA,NA
"2015","MUNICIPIO",3553708,"0,748",NA,NA,NA
"2015","MUNICIPIO",3553807,"0,701",NA,NA,NA
"2015","MUNICIPIO",3553856,"0,679",NA,NA,NA
"2015","MUNICIPIO",3553906,"0,726",NA,NA,NA
"2015","MUNICIPIO",3553955,"0,753",NA,NA,NA
"2015","MUNICIPIO",3554003,"0,752",NA,NA,NA
"2015","MUNICIPIO",3554102,"0,8",NA,NA,NA
"2015","MUNICIPIO",3554201,"0,668",NA,NA,NA
"2015","MUNICIPIO",3554300,"0,594",NA,NA,NA
"2015","MUNICIPIO",3554300,"0,741",NA,NA,NA
"2015","MUNICIPIO",3554409,"0,714",NA,NA,NA
"2015","MUNICIPIO",3554409,"0,749",NA,NA,NA
"2015","MUNICIPIO",3554508,"0,778",NA,NA,NA
"2015","MUNICIPIO",3554607,"0,71",NA,NA,NA
"2015","MUNICIPIO",3554656,"0,714",NA,NA,NA
"2015","MUNICIPIO",3554706,"0,744",NA,NA,NA
"2015","MUNICIPIO",3554755,"0,722",NA,NA,NA
"2015","MUNICIPIO",3554805,"0,785",NA,NA,NA
"2015","MUNICIPIO",3554904,"0,753",NA,NA,NA
"2015","MUNICIPIO",3554953,"0,728",NA,NA,NA
"2015","MUNICIPIO",3555000,"0,771",NA,NA,NA
"2015","MUNICIPIO",3555109,"0,769",NA,NA,NA
"2015","MUNICIPIO",3555208,"0,751",NA,NA,NA
"2015","MUNICIPIO",3555307,"0,682",NA,NA,NA
"2015","MUNICIPIO",3555307,"0,736",NA,NA,NA
"2015","MUNICIPIO",3555356,"0,7",NA,NA,NA
"2015","MUNICIPIO",3555406,"0,751",NA,NA,NA
"2015","MUNICIPIO",3555505,"0,727",NA,NA,NA
"2015","MUNICIPIO",3555604,"0,721",NA,NA,NA
"2015","MUNICIPIO",3555703,"0,749",NA,NA,NA
"2015","MUNICIPIO",3555802,"0,746",NA,NA,NA
"2015","MUNICIPIO",3555901,"0,712",NA,NA,NA
"2015","MUNICIPIO",3556008,"0,745",NA,NA,NA
"2015","MUNICIPIO",3556107,"0,735",NA,NA,NA
"2015","MUNICIPIO",3556206,"0,819",NA,NA,NA
"2015","MUNICIPIO",3556305,"0,725",NA,NA,NA
"2015","MUNICIPIO",3556354,"0,629",NA,NA,NA
"2015","MUNICIPIO",3556354,"0,699",NA,NA,NA
"2015","MUNICIPIO",3556404,"0,737",NA,NA,NA
"2015","MUNICIPIO",3556453,"0,77",NA,NA,NA
"2015","MUNICIPIO",3556503,"0,759",NA,NA,NA
"2015","MUNICIPIO",3556602,"0,645",NA,NA,NA
"2015","MUNICIPIO",3556602,"0,587",NA,NA,NA
"2015","MUNICIPIO",3556602,"0,737",NA,NA,NA
"2015","MUNICIPIO",3556602,"0,754",NA,NA,NA
"2015","MUNICIPIO",3556701,"0,817",NA,NA,NA
"2015","MUNICIPIO",3556800,"0,739",NA,NA,NA
"2015","MUNICIPIO",3556909,"0,744",NA,NA,NA
"2015","MUNICIPIO",3556958,"0,725",NA,NA,NA
"2015","MUNICIPIO",3557006,"0,767",NA,NA,NA
"2015","MUNICIPIO",3557105,"0,79",NA,NA,NA
"2015","MUNICIPIO",3557154,"0,729",NA,NA,NA
