"ANO","NIVEL","CODMUNRES","TO","TORC","TORCR","TO_NN","TO_N","TO_CB_I","TO_CB_N","TO_CB_C","TO_CB_R","TO_CB_O","TO_M","TO_F","TO_F_IF","TO_FT","TO_NT","TO_NT_P","TO_NT_T","TO_PNT","TO_MT_G","TONT_B","TONT_PT","TONT_A","TONT_PD","TONT_I","TO_MT","TO_MT_DG","TO_MT_PT","TO_MT_AB","TO_MT_42","TO_MT_43","TO_MT_P","TO_MT_P_I","TO_MT_P_ES","TO_MT_P_EFI","TO_MT_P_EFII","TO_MT_P_EM","TO_MT_P_ESI","TO_MT_P_ESC"
"2015","UF",35,287645,0,0,23450,264195,11082,54076,85071,39330,74636,156973,130606,13050,0,4804,3495,1309,2045,125,3324,104,16,1089,3,573,125,36,8,245,159,414,349,7,42,103,127,16,42
"2015","MUNICIPIO",350000,697,0,0,384,313,24,11,69,55,154,605,72,18,0,2,1,1,0,1,1,0,0,1,0,2,1,0,0,1,0,2,1,0,0,0,0,0,0
"2015","MUNICIPIO",350010,307,0,0,17,290,15,54,76,43,102,162,145,6,0,3,1,2,1,1,3,0,0,0,0,1,1,0,0,0,0,1,0,1,0,0,0,0,0
"2015","MUNICIPIO",350020,43,0,0,5,38,0,6,11,7,14,28,15,1,0,0,0,0,1,0,0,0,0,0,0,0,0,0,0,0,0,0,0,0,0,0,0,0,0
"2015","MUNICIPIO",350030,298,0,0,24,274,11,37,71,44,111,171,127,12,0,2,1,1,2,0,1,0,0,1,0,0,0,0,0,0,0,0,0,0,0,0,0,0,0
"2015","MUNICIPIO",350040,66,0,0,2,64,2,9,18,10,25,34,32,0,0,0,0,0,0,0,0,0,0,0,0,0,0,0,0,0,0,0,0,0,0,0,0,0,0
"2015","MUNICIPIO",350050,156,0,0,6,150,6,30,50,16,48,84,72,6,0,0,0,0,0,0,0,0,0,0,0,0,0,0,0,0,0,0,0,0,0,0,0,0,0
"2015","MUNICIPIO",350055,41,0,0,4,37,3,2,9,2,21,22,19,1,0,0,0,0,0,0,0,0,0,0,0,0,0,0,0,0,0,0,0,0,0,0,0,0,0
"2015","MUNICIPIO",350060,31,0,0,2,29,0,6,8,4,11,20,11,1,0,1,1,0,0,0,1,0,0,0,0,0,0,0,0,0,0,0,0,0,0,0,0,0,0
"2015","MUNICIPIO",350070,264,0,0,18,246,6,46,72,34,88,141,123,13,0,5,5,0,1,0,4,0,0,1,0,0,0,0,0,0,0,0,0,0,0,0,0,0,0
"2015","MUNICIPIO",350075,34,0,0,1,33,0,5,11,7,10,15,19,1,0,1,1,0,0,0,1,0,0,0,0,0,0,0,0,0,0,0,0,0,0,0,0,0,0
"2015","MUNICIPIO",350080,34,0,0,2,32,0,5,8,5,14,21,13,0,0,1,1,0,1,0,0,0,0,1,0,0,0,0,0,0,0,0,0,0,0,0,0,0,0
"2015","MUNICIPIO",350090,23,0,0,5,18,1,3,6,3,5,14,9,3,0,1,1,0,0,0,1,0,0,0,0,0,0,0,0,0,0,0,0,0,0,0,0,0,0
"2015","MUNICIPIO",350100,117,0,0,15,102,3,27,38,16,18,76,41,4,0,0,0,0,2,0,0,0,0,0,0,1,0,0,0,0,1,0,0,0,0,0,0,0,0
"2015","MUNICIPIO",350110,32,0,0,5,27,1,3,7,5,11,20,12,2,0,0,0,0,1,0,0,0,0,0,0,0,0,0,0,0,0,0,0,0,0,0,0,0,0
"2015","MUNICIPIO",350115,89,0,0,10,79,3,17,20,13,26,51,38,7,0,2,1,1,1,0,1,0,0,1,0,1,0,0,0,0,1,0,0,0,0,0,0,0,0
"2015","MUNICIPIO",350120,25,0,0,2,23,2,6,7,4,4,16,9,1,0,0,0,0,0,0,0,0,0,0,0,0,0,0,0,0,0,0,0,0,0,0,0,0,0
"2015","MUNICIPIO",350130,154,0,0,15,139,2,26,47,16,48,88,66,6,0,0,0,0,0,0,0,0,0,0,0,0,0,0,0,0,0,0,0,0,0,0,0,0,0
"2015","MUNICIPIO",350140,31,0,0,2,29,1,4,10,6,8,17,14,1,0,1,1,0,0,0,0,0,0,1,0,1,0,0,0,0,1,0,0,0,0,0,0,0,0
"2015","MUNICIPIO",350150,14,0,0,0,14,0,3,3,2,6,6,8,3,0,0,0,0,0,0,0,0,0,0,0,0,0,0,0,0,0,0,0,0,0,0,0,0,0
"2015","MUNICIPIO",350160,1382,0,0,82,1300,47,255,283,186,529,771,611,44,0,22,15,7,9,0,20,1,0,0,0,2,0,0,0,1,1,1,1,0,0,0,0,0,0
"2015","MUNICIPIO",350170,190,0,0,24,166,6,25,67,17,51,122,68,7,0,3,2,1,2,0,2,0,0,1,0,0,0,0,0,0,0,0,0,0,0,0,0,0,0
"2015","MUNICIPIO",350180,43,0,0,5,38,1,1,15,8,13,23,20,0,0,0,0,0,0,0,0,0,0,0,0,0,0,0,0,0,0,0,0,0,0,0,0,0,0
"2015","MUNICIPIO",350190,537,0,0,48,489,21,91,133,86,158,283,254,26,0,5,4,1,0,0,4,0,0,1,0,1,0,1,0,0,0,1,1,0,0,1,0,0,0
"2015","MUNICIPIO",350200,25,0,0,5,20,0,2,5,7,6,14,11,0,0,1,1,0,1,0,1,0,0,0,0,0,0,0,0,0,0,0,0,0,0,0,0,0,0
"2015","MUNICIPIO",350210,465,0,0,34,431,25,84,132,78,112,262,203,16,0,4,3,1,2,0,3,0,0,1,0,1,0,0,0,0,1,0,0,0,0,0,0,0,0
"2015","MUNICIPIO",350220,168,0,0,13,155,4,27,35,19,70,103,65,6,0,3,2,1,0,0,3,0,0,0,0,0,0,0,0,0,0,0,0,0,0,0,0,0,0
"2015","MUNICIPIO",350230,31,0,0,3,28,2,6,12,2,6,19,12,3,0,0,0,0,1,0,0,0,0,0,0,0,0,0,0,0,0,0,0,0,0,0,0,0,0
"2015","MUNICIPIO",350240,31,0,0,2,29,1,4,12,4,8,14,17,1,0,0,0,0,0,0,0,0,0,0,0,0,0,0,0,0,0,0,0,0,0,0,0,0,0
"2015","MUNICIPIO",350250,288,0,0,24,264,12,51,74,38,89,171,117,12,0,4,1,3,3,0,2,1,0,1,0,1,0,0,0,1,0,1,0,0,0,0,0,0,0
"2015","MUNICIPIO",350260,41,0,0,2,39,2,6,15,6,10,22,19,1,0,0,0,0,0,0,0,0,0,0,0,0,0,0,0,0,0,0,0,0,0,0,0,0,0
"2015","MUNICIPIO",350270,169,0,0,8,161,1,24,73,28,35,90,79,12,0,1,1,0,0,1,1,0,0,0,0,3,1,2,0,0,0,3,3,0,1,1,1,0,0
"2015","MUNICIPIO",350275,103,0,0,14,89,4,20,18,8,39,59,44,6,0,3,1,2,2,0,3,0,0,0,0,0,0,0,0,0,0,0,0,0,0,0,0,0,0
"2015","MUNICIPIO",350280,1511,0,0,130,1381,66,293,332,169,521,844,667,68,0,13,10,3,17,0,11,0,0,1,0,1,0,0,0,0,1,0,0,0,0,0,0,0,0
"2015","MUNICIPIO",350290,226,0,0,18,208,8,39,43,25,93,126,100,8,0,4,3,1,1,0,4,0,0,0,0,1,0,0,0,0,1,0,0,0,0,0,0,0,0
"2015","MUNICIPIO",350300,39,0,0,1,38,1,8,13,1,15,19,20,1,0,1,1,0,0,0,1,0,0,0,0,0,0,0,0,0,0,0,0,0,0,0,0,0,0
"2015","MUNICIPIO",350310,47,0,0,3,44,0,9,7,4,24,26,21,4,0,1,0,1,0,0,1,0,0,0,0,0,0,0,0,0,0,0,0,0,0,0,0,0,0
"2015","MUNICIPIO",350315,20,0,0,1,19,1,4,6,2,6,8,12,0,0,0,0,0,1,0,0,0,0,0,0,0,0,0,0,0,0,0,0,0,0,0,0,0,0
"2015","MUNICIPIO",350320,1692,0,0,104,1588,69,329,485,282,423,908,784,77,0,28,20,8,6,0,18,2,0,8,0,4,0,0,0,2,2,2,2,0,0,0,2,0,0
"2015","MUNICIPIO",350330,933,0,0,51,882,33,173,185,124,367,512,421,48,0,10,6,4,5,0,8,0,0,1,0,1,0,0,0,1,0,1,1,0,0,1,0,0,0
"2015","MUNICIPIO",350335,16,0,0,1,15,0,2,8,1,4,10,6,0,0,1,1,0,0,0,1,0,0,0,0,1,0,0,0,1,0,1,0,0,0,0,0,0,0
"2015","MUNICIPIO",350340,75,0,0,2,73,8,13,22,8,22,46,29,3,0,0,0,0,4,0,0,0,0,0,0,0,0,0,0,0,0,0,0,0,0,0,0,0,0
"2015","MUNICIPIO",350350,37,0,0,2,35,0,4,8,6,17,11,26,1,0,0,0,0,0,0,0,0,0,0,0,0,0,0,0,0,0,0,0,0,0,0,0,0,0
"2015","MUNICIPIO",350360,69,0,0,4,65,0,8,19,11,27,36,32,4,0,3,2,1,1,0,1,0,0,2,0,0,0,0,0,0,0,0,0,0,0,0,0,0,0
"2015","MUNICIPIO",350370,78,0,0,13,65,1,13,27,4,20,50,28,2,0,3,3,0,1,0,3,0,0,0,0,1,0,0,0,1,0,1,1,0,1,0,0,0,0
"2015","MUNICIPIO",350380,266,0,0,27,239,8,33,81,38,79,144,120,13,0,6,4,2,5,0,6,0,0,0,0,0,0,0,0,0,0,0,0,0,0,0,0,0,0
"2015","MUNICIPIO",350390,487,0,0,44,443,18,86,170,71,98,266,221,24,0,8,7,1,2,1,5,0,0,2,0,2,1,0,0,0,1,1,1,0,0,0,0,0,1
"2015","MUNICIPIO",350395,13,0,0,1,12,1,3,2,1,5,10,3,0,0,0,0,0,0,0,0,0,0,0,0,0,0,0,0,0,0,0,0,0,0,0,0,0,0
"2015","MUNICIPIO",350400,745,0,0,43,702,35,119,148,98,302,396,349,27,0,9,9,0,3,1,8,0,0,1,0,1,1,0,0,0,0,1,1,0,0,1,0,0,0
"2015","MUNICIPIO",350410,1009,0,0,87,922,20,197,306,136,263,551,458,34,0,28,22,6,5,0,21,1,0,3,0,1,0,0,0,1,0,1,1,0,0,0,0,0,0
"2015","MUNICIPIO",350420,120,0,0,2,118,8,20,35,20,35,65,55,6,0,1,1,0,1,0,1,0,0,0,0,0,0,0,0,0,0,0,0,0,0,0,0,0,0
"2015","MUNICIPIO",350430,26,0,0,2,24,1,6,8,3,6,18,8,0,0,0,0,0,0,0,0,0,0,0,0,0,0,0,0,0,0,0,0,0,0,0,0,0,0
"2015","MUNICIPIO",350440,78,0,0,6,72,1,14,16,13,28,43,35,5,0,3,2,1,0,0,3,0,0,0,0,0,0,0,0,0,0,0,0,0,0,0,0,0,0
"2015","MUNICIPIO",350450,625,0,0,42,583,23,105,138,54,263,339,286,28,0,10,9,1,5,1,7,1,0,2,0,1,1,0,0,0,0,1,1,0,0,0,1,0,0
"2015","MUNICIPIO",350460,125,0,0,6,119,5,29,33,24,28,65,60,3,0,0,0,0,0,0,0,0,0,0,0,0,0,0,0,0,0,0,0,0,0,0,0,0,0
"2015","MUNICIPIO",350470,11,0,0,1,10,1,1,4,0,4,8,3,0,0,0,0,0,0,0,0,0,0,0,0,0,0,0,0,0,0,0,0,0,0,0,0,0,0
"2015","MUNICIPIO",350480,71,0,0,6,65,7,12,21,14,11,39,32,3,0,1,1,0,0,0,1,0,0,0,0,0,0,0,0,0,0,0,0,0,0,0,0,0,0
"2015","MUNICIPIO",350490,76,0,0,5,71,3,15,23,8,22,37,39,3,0,0,0,0,0,0,0,0,0,0,0,0,0,0,0,0,0,0,0,0,0,0,0,0,0
"2015","MUNICIPIO",350500,25,0,0,1,24,2,1,5,3,13,15,10,1,0,1,1,0,0,0,1,0,0,0,0,0,0,0,0,0,0,0,0,0,0,0,0,0,0
"2015","MUNICIPIO",350510,48,0,0,1,47,3,7,16,6,15,18,30,5,0,0,0,0,1,0,0,0,0,0,0,0,0,0,0,0,0,0,0,0,0,0,0,0,0
"2015","MUNICIPIO",350520,268,0,0,17,251,11,44,87,60,49,156,112,16,0,3,3,0,1,0,2,0,0,1,0,0,0,0,0,0,0,0,0,0,0,0,0,0,0
"2015","MUNICIPIO",350530,290,0,0,18,272,10,58,71,35,98,172,118,15,0,1,1,0,4,0,1,0,0,0,0,0,0,0,0,0,0,0,0,0,0,0,0,0,0
"2015","MUNICIPIO",350535,30,0,0,2,28,0,3,9,3,13,20,10,0,0,2,2,0,0,0,2,0,0,0,0,0,0,0,0,0,0,0,0,0,0,0,0,0,0
"2015","MUNICIPIO",350540,37,0,0,7,30,1,4,6,7,12,24,13,2,0,1,0,1,0,0,1,0,0,0,0,0,0,0,0,0,0,0,0,0,0,0,0,0,0
"2015","MUNICIPIO",350550,1029,0,0,62,967,55,179,289,213,231,520,509,52,0,11,9,2,4,0,8,0,0,3,0,2,0,2,0,0,0,2,0,0,0,0,0,0,0
"2015","MUNICIPIO",350560,162,0,0,19,143,9,25,31,30,48,88,74,10,0,8,5,3,1,0,6,0,0,1,0,0,0,0,0,0,0,0,0,0,0,0,0,0,0
"2015","MUNICIPIO",350570,1819,0,0,154,1665,92,350,586,212,425,1026,792,116,0,54,37,17,23,0,28,0,1,18,0,1,0,0,0,1,0,1,1,0,1,0,0,0,0
"2015","MUNICIPIO",350580,127,0,0,12,115,2,28,41,11,33,67,60,8,0,3,1,2,1,0,1,0,1,1,0,0,0,0,0,0,0,0,0,0,0,0,0,0,0
"2015","MUNICIPIO",350590,423,0,0,28,395,18,69,115,70,123,231,192,18,0,5,2,3,3,0,4,0,0,1,0,1,0,0,0,1,0,1,1,0,0,0,0,0,0
"2015","MUNICIPIO",350600,2672,0,0,162,2510,127,546,869,336,632,1442,1230,103,0,42,30,12,15,1,29,3,1,8,0,4,1,0,0,2,1,3,3,0,0,1,0,0,2
"2015","MUNICIPIO",350610,622,0,0,42,580,44,92,126,89,229,343,279,24,0,9,8,1,3,0,6,1,0,1,0,0,0,0,0,0,0,0,0,0,0,0,0,0,0
"2015","MUNICIPIO",350620,24,0,0,3,21,1,8,6,1,5,16,8,0,0,0,0,0,0,0,0,0,0,0,0,0,0,0,0,0,0,0,0,0,0,0,0,0,0
"2015","MUNICIPIO",350630,104,0,0,14,90,1,27,29,5,28,56,48,3,0,2,1,1,0,0,1,0,0,1,0,0,0,0,0,0,0,0,0,0,0,0,0,0,0
"2015","MUNICIPIO",350635,296,0,0,40,256,9,36,118,26,67,175,121,21,0,7,6,1,3,1,4,0,0,3,0,2,1,0,0,0,1,1,1,0,0,1,0,0,0
"2015","MUNICIPIO",350640,60,0,0,4,56,3,8,15,9,21,29,31,3,0,0,0,0,0,0,0,0,0,0,0,0,0,0,0,0,0,0,0,0,0,0,0,0,0
"2015","MUNICIPIO",350650,768,0,0,53,715,26,119,145,116,309,402,366,36,0,12,10,2,6,0,11,0,0,0,0,1,0,0,0,0,1,0,0,0,0,0,0,0,0
"2015","MUNICIPIO",350660,199,0,0,12,187,4,35,65,25,58,116,83,9,0,8,5,3,2,0,7,0,0,1,0,0,0,0,0,0,0,0,0,0,0,0,0,0,0
"2015","MUNICIPIO",350670,107,0,0,5,102,0,23,24,19,36,52,55,5,0,4,3,1,1,0,3,0,0,1,0,0,0,0,0,0,0,0,0,0,0,0,0,0,0
"2015","MUNICIPIO",350680,75,0,0,5,70,2,12,12,13,31,42,33,3,0,0,0,0,0,0,0,0,0,0,0,0,0,0,0,0,0,0,0,0,0,0,0,0,0
"2015","MUNICIPIO",350690,71,0,0,6,65,2,13,25,9,16,37,34,0,0,0,0,0,0,0,0,0,0,0,0,0,0,0,0,0,0,0,0,0,0,0,0,0,0
"2015","MUNICIPIO",350700,313,0,0,22,291,8,40,101,45,97,176,137,13,0,5,2,3,2,0,4,0,0,0,0,0,0,0,0,0,0,0,0,0,0,0,0,0,0
"2015","MUNICIPIO",350710,129,0,0,14,115,4,25,40,23,23,76,53,7,0,4,1,3,1,0,4,0,0,0,0,2,0,0,0,2,0,2,2,0,0,1,0,0,1
"2015","MUNICIPIO",350715,20,0,0,4,16,0,2,5,4,5,12,8,2,0,0,0,0,0,0,0,0,0,0,0,0,0,0,0,0,0,0,0,0,0,0,0,0,0
"2015","MUNICIPIO",350720,8,0,0,0,8,0,1,3,1,3,4,4,0,0,0,0,0,0,0,0,0,0,0,0,0,0,0,0,0,0,0,0,0,0,0,0,0,0
"2015","MUNICIPIO",350730,45,0,0,2,43,3,5,11,13,11,22,23,1,0,2,2,0,1,0,2,0,0,0,0,0,0,0,0,0,0,0,0,0,0,0,0,0,0
"2015","MUNICIPIO",350740,121,0,0,14,107,1,17,40,19,30,69,52,2,0,0,0,0,0,0,0,0,0,0,0,0,0,0,0,0,0,0,0,0,0,0,0,0,0
"2015","MUNICIPIO",350745,11,0,0,1,10,0,4,4,0,2,7,4,0,0,0,0,0,0,0,0,0,0,0,0,0,0,0,0,0,0,0,0,0,0,0,0,0,0
"2015","MUNICIPIO",350750,1009,0,0,84,925,52,199,304,134,236,523,486,49,0,16,10,6,10,1,14,0,0,2,0,2,1,0,1,0,0,2,1,0,0,0,1,0,1
"2015","MUNICIPIO",350760,1138,0,0,88,1050,23,273,346,172,236,622,516,43,0,18,11,7,11,0,17,0,0,1,0,0,0,0,0,0,0,0,0,0,0,0,0,0,0
"2015","MUNICIPIO",350770,47,0,0,3,44,3,11,7,5,18,31,16,1,0,0,0,0,0,0,0,0,0,0,0,0,0,0,0,0,0,0,0,0,0,0,0,0,0
"2015","MUNICIPIO",350775,21,0,0,2,19,1,4,3,3,8,16,5,0,0,1,1,0,1,0,1,0,0,0,0,0,0,0,0,0,0,0,0,0,0,0,0,0,0
"2015","MUNICIPIO",350780,153,0,0,10,143,8,34,49,13,39,97,56,6,0,2,2,0,3,0,2,0,0,0,0,1,0,0,0,1,0,1,1,0,0,1,0,0,0
"2015","MUNICIPIO",350790,180,0,0,12,168,4,39,45,30,50,111,69,5,0,8,4,4,0,0,8,0,0,0,0,0,0,0,0,0,0,0,0,0,0,0,0,0,0
"2015","MUNICIPIO",350800,135,0,0,14,121,2,19,42,25,33,82,53,13,0,3,2,1,3,0,1,0,0,0,0,0,0,0,0,0,0,0,0,0,0,0,0,0,0
"2015","MUNICIPIO",350810,126,0,0,10,116,4,17,42,11,42,66,60,8,0,2,2,0,0,0,1,0,0,0,0,0,0,0,0,0,0,0,0,0,0,0,0,0,0
"2015","MUNICIPIO",350820,36,0,0,4,32,1,3,5,9,14,22,14,2,0,3,3,0,0,0,3,0,0,0,0,0,0,0,0,0,0,0,0,0,0,0,0,0,0
"2015","MUNICIPIO",350830,25,0,0,1,24,0,4,0,8,12,13,12,1,0,2,2,0,0,0,1,0,0,0,0,1,0,0,0,1,0,1,1,0,0,0,1,0,0
"2015","MUNICIPIO",350840,234,0,0,20,214,11,49,69,34,51,141,93,9,0,10,9,1,2,0,7,0,0,3,0,1,0,0,0,1,0,1,1,0,0,1,0,0,0
"2015","MUNICIPIO",350850,595,0,0,49,546,34,92,148,77,195,344,251,34,0,6,3,3,5,0,3,0,0,0,0,2,0,0,0,0,2,0,0,0,0,0,0,0,0
"2015","MUNICIPIO",350860,242,0,0,18,224,9,38,52,36,89,133,109,8,0,4,4,0,1,0,4,0,0,0,0,1,0,0,0,1,0,1,1,0,0,1,0,0,0
"2015","MUNICIPIO",350870,135,0,0,6,129,2,15,51,20,41,68,67,6,0,1,1,0,0,0,0,0,0,1,0,0,0,0,0,0,0,0,0,0,0,0,0,0,0
"2015","MUNICIPIO",350880,155,0,0,7,148,4,26,36,30,52,76,79,5,0,0,0,0,0,1,0,0,0,0,0,1,1,0,0,0,0,1,0,1,0,0,0,0,0
"2015","MUNICIPIO",350890,33,0,0,2,31,0,6,9,6,10,17,16,2,0,0,0,0,0,0,0,0,0,0,0,0,0,0,0,0,0,0,0,0,0,0,0,0,0
"2015","MUNICIPIO",350900,501,0,0,47,454,11,99,175,60,109,277,224,33,0,14,12,2,5,0,10,0,0,4,0,1,0,0,0,1,0,1,1,0,0,0,1,0,0
"2015","MUNICIPIO",350910,39,0,0,6,33,1,7,8,3,14,32,7,0,0,0,0,0,0,0,0,0,0,0,0,0,0,0,0,0,0,0,0,0,0,0,0,0,0
"2015","MUNICIPIO",350920,406,0,0,34,372,11,68,139,49,105,225,181,33,0,11,8,3,5,1,7,0,0,3,0,3,1,0,0,1,1,2,2,0,0,1,1,0,0
"2015","MUNICIPIO",350925,180,0,0,7,173,7,38,48,19,61,102,78,6,0,10,9,1,1,0,8,1,0,1,0,1,0,0,0,1,0,1,1,0,0,0,0,0,1
"2015","MUNICIPIO",350930,82,0,0,3,79,1,14,27,14,23,48,34,4,0,1,1,0,0,0,1,0,0,0,0,0,0,0,0,0,0,0,0,0,0,0,0,0,0
"2015","MUNICIPIO",350940,168,0,0,15,153,8,27,38,28,52,89,79,6,0,3,2,1,1,0,2,0,0,1,0,1,0,0,0,1,0,1,1,0,0,1,0,0,0
"2015","MUNICIPIO",350945,43,0,0,5,38,1,7,13,5,12,27,16,0,0,1,1,0,1,0,1,0,0,0,0,0,0,0,0,0,0,0,0,0,0,0,0,0,0
"2015","MUNICIPIO",350950,6760,0,0,584,6176,290,1353,1977,1088,1468,3660,3098,281,0,87,66,21,43,4,54,3,0,30,0,11,4,1,0,1,5,6,6,0,0,1,1,0,2
"2015","MUNICIPIO",350960,470,0,0,44,426,13,94,153,65,101,287,183,24,0,8,8,0,6,3,7,0,0,1,0,8,3,3,0,1,1,7,5,0,2,3,0,0,1
"2015","MUNICIPIO",350970,358,0,0,24,334,10,61,90,52,121,209,149,23,0,7,5,2,5,0,7,0,0,0,0,1,0,0,0,1,0,1,1,0,0,0,0,0,1
"2015","MUNICIPIO",350980,43,0,0,1,42,1,3,9,12,17,25,18,0,0,0,0,0,2,0,0,0,0,0,0,0,0,0,0,0,0,0,0,0,0,0,0,0,0
"2015","MUNICIPIO",350990,98,0,0,8,90,7,12,25,12,34,62,36,3,0,2,1,1,1,0,1,0,0,1,0,0,0,0,0,0,0,0,0,0,0,0,0,0,0
"2015","MUNICIPIO",350995,29,0,0,1,28,1,5,7,7,8,12,17,1,0,2,2,0,0,0,1,0,0,1,0,0,0,0,0,0,0,0,0,0,0,0,0,0,0
"2015","MUNICIPIO",351000,225,0,0,8,217,5,27,46,42,97,128,97,8,0,1,1,0,1,0,1,0,0,0,0,0,0,0,0,0,0,0,0,0,0,0,0,0,0
"2015","MUNICIPIO",351010,29,0,0,2,27,2,4,10,2,9,17,12,0,0,1,1,0,0,0,1,0,0,0,0,0,0,0,0,0,0,0,0,0,0,0,0,0,0
"2015","MUNICIPIO",351015,28,0,0,1,27,0,3,7,3,14,18,10,0,0,0,0,0,0,0,0,0,0,0,0,0,0,0,0,0,0,0,0,0,0,0,0,0,0
"2015","MUNICIPIO",351020,333,0,0,28,305,11,51,119,50,74,184,149,16,0,3,1,2,1,0,3,0,0,0,0,0,0,0,0,0,0,0,0,0,0,0,0,0,0
"2015","MUNICIPIO",351030,127,0,0,11,116,7,21,22,14,52,73,54,5,0,4,3,1,2,0,3,0,0,1,0,0,0,0,0,0,0,0,0,0,0,0,0,0,0
"2015","MUNICIPIO",351040,326,0,0,25,301,16,57,71,47,110,165,161,17,0,3,1,2,3,0,2,0,0,1,0,0,0,0,0,0,0,0,0,0,0,0,0,0,0
"2015","MUNICIPIO",351050,798,0,0,93,705,38,144,144,90,289,471,327,40,0,12,12,0,5,0,9,0,0,3,0,4,0,2,0,2,0,4,2,1,1,1,0,0,0
"2015","MUNICIPIO",351060,1912,0,0,183,1729,98,344,644,220,423,1059,852,133,0,63,40,23,34,0,33,1,0,23,0,7,0,0,0,5,2,5,3,0,0,2,1,0,0
"2015","MUNICIPIO",351070,108,0,0,5,103,5,16,29,10,43,61,47,4,0,0,0,0,0,0,0,0,0,0,0,0,0,0,0,0,0,0,0,0,0,0,0,0,0
"2015","MUNICIPIO",351080,287,0,0,16,271,7,37,97,44,86,171,116,12,0,4,4,0,0,1,1,1,0,0,0,2,1,0,0,1,0,2,2,0,0,0,1,0,0
"2015","MUNICIPIO",351090,19,0,0,5,14,2,2,3,5,2,12,7,1,0,0,0,0,0,0,0,0,0,0,0,0,0,0,0,0,0,0,0,0,0,0,0,0,0
"2015","MUNICIPIO",351100,134,0,0,7,127,1,22,35,16,53,82,52,3,0,0,0,0,0,0,0,0,0,0,0,0,0,0,0,0,0,0,0,0,0,0,0,0,0
"2015","MUNICIPIO",351110,1069,0,0,82,987,42,187,230,155,373,601,468,40,0,6,5,1,5,1,5,0,0,0,0,1,1,0,0,0,0,1,0,0,1,0,0,0,0
"2015","MUNICIPIO",351120,55,0,0,12,43,2,4,14,9,14,34,21,3,0,1,1,0,1,0,1,0,0,0,0,2,0,0,0,1,1,1,1,0,0,0,1,0,0
"2015","MUNICIPIO",351130,74,0,0,8,66,6,10,24,12,14,42,32,4,0,1,1,0,0,0,1,0,0,0,0,0,0,0,0,0,0,0,0,0,0,0,0,0,0
"2015","MUNICIPIO",351140,143,0,0,8,135,4,23,28,14,66,91,52,5,0,2,1,1,0,0,2,0,0,0,0,0,0,0,0,0,0,0,0,0,0,0,0,0,0
"2015","MUNICIPIO",351150,265,0,0,18,247,11,55,67,45,69,159,106,15,0,4,3,1,3,0,3,1,0,0,0,0,0,0,0,0,0,0,0,0,0,0,0,0,0
"2015","MUNICIPIO",351160,119,0,0,8,111,2,11,47,8,43,77,42,7,0,5,3,2,1,0,4,0,0,1,0,0,0,0,0,0,0,0,0,0,0,0,0,0,0
"2015","MUNICIPIO",351170,104,0,0,8,96,4,20,25,13,34,56,48,5,0,3,3,0,1,0,2,0,0,1,0,0,0,0,0,0,0,0,0,0,0,0,0,0,0
"2015","MUNICIPIO",351190,48,0,0,7,41,0,6,17,8,10,32,16,2,0,1,1,0,0,0,1,0,0,0,0,0,0,0,0,0,0,0,0,0,0,0,0,0,0
"2015","MUNICIPIO",351200,145,0,0,9,136,6,20,49,21,40,80,65,6,0,1,1,0,2,0,1,0,0,0,0,0,0,0,0,0,0,0,0,0,0,0,0,0,0
"2015","MUNICIPIO",351210,66,0,0,5,61,4,9,19,11,18,39,27,3,0,0,0,0,1,0,0,0,0,0,0,0,0,0,0,0,0,0,0,0,0,0,0,0,0
"2015","MUNICIPIO",351220,188,0,0,9,179,12,35,36,21,75,97,91,9,0,4,3,1,3,0,4,0,0,0,0,0,0,0,0,0,0,0,0,0,0,0,0,0,0
"2015","MUNICIPIO",351230,169,0,0,10,159,8,34,53,24,40,100,69,5,0,2,2,0,1,0,2,0,0,0,0,1,0,0,0,0,1,0,0,0,0,0,0,0,0
"2015","MUNICIPIO",351240,157,0,0,8,149,7,29,52,20,41,87,70,4,0,3,1,2,2,0,2,0,0,0,0,0,0,0,0,0,0,0,0,0,0,0,0,0,0
"2015","MUNICIPIO",351250,30,0,0,3,27,0,2,12,3,10,20,10,0,0,0,0,0,0,0,0,0,0,0,0,0,0,0,0,0,0,0,0,0,0,0,0,0,0
"2015","MUNICIPIO",351260,31,0,0,4,27,3,5,9,2,8,17,14,2,0,0,0,0,0,0,0,0,0,0,0,0,0,0,0,0,0,0,0,0,0,0,0,0,0
"2015","MUNICIPIO",351270,22,0,0,1,21,0,5,6,2,8,11,11,1,0,0,0,0,0,0,0,0,0,0,0,0,0,0,0,0,0,0,0,0,0,0,0,0,0
"2015","MUNICIPIO",351280,353,0,0,49,304,11,63,71,38,121,203,150,21,0,4,4,0,3,0,2,0,0,2,0,1,0,0,0,1,0,1,1,0,0,0,0,0,1
"2015","MUNICIPIO",351290,55,0,0,4,51,1,7,16,4,23,32,23,1,0,0,0,0,0,0,0,0,0,0,0,0,0,0,0,0,0,0,0,0,0,0,0,0,0
"2015","MUNICIPIO",351300,1265,0,0,127,1138,42,206,444,179,267,730,535,60,0,31,15,16,15,0,25,0,0,6,0,0,0,0,0,0,0,0,0,0,0,0,0,0,0
"2015","MUNICIPIO",351310,193,0,0,22,171,7,33,60,31,40,103,90,6,0,1,0,1,1,0,1,0,0,0,0,0,0,0,0,0,0,0,0,0,0,0,0,0,0
"2015","MUNICIPIO",351320,48,0,0,3,45,1,10,12,8,14,31,17,1,0,1,1,0,0,0,1,0,0,0,0,0,0,0,0,0,0,0,0,0,0,0,0,0,0
"2015","MUNICIPIO",351330,18,0,0,0,18,2,3,6,2,5,15,3,0,0,0,0,0,1,0,0,0,0,0,0,0,0,0,0,0,0,0,0,0,0,0,0,0,0
"2015","MUNICIPIO",351340,567,0,0,39,528,31,80,102,86,229,335,232,15,0,9,7,2,3,0,8,0,0,1,0,0,0,0,0,0,0,0,0,0,0,0,0,0,0
"2015","MUNICIPIO",351350,712,0,0,69,643,38,130,236,78,161,409,303,42,0,22,15,7,13,1,12,0,0,10,0,3,1,0,0,2,0,3,2,0,1,0,2,0,0
"2015","MUNICIPIO",351360,166,0,0,20,146,2,23,52,16,53,105,61,3,0,1,1,0,0,0,1,0,0,0,0,0,0,0,0,0,0,0,0,0,0,0,0,0,0
"2015","MUNICIPIO",351370,258,0,0,16,242,7,50,81,40,64,143,115,7,0,4,4,0,2,0,3,0,0,1,0,0,0,0,0,0,0,0,0,0,0,0,0,0,0
"2015","MUNICIPIO",351380,2132,0,0,258,1874,67,408,677,291,431,1223,909,118,0,63,39,24,26,1,34,0,0,22,0,7,1,1,0,4,1,6,5,0,1,0,5,0,0
"2015","MUNICIPIO",351385,22,0,0,2,20,2,4,6,3,5,13,9,1,0,0,0,0,0,0,0,0,0,0,0,0,0,0,0,0,0,0,0,0,0,0,0,0,0
"2015","MUNICIPIO",351390,117,0,0,3,114,0,17,39,28,30,71,46,6,0,0,0,0,0,0,0,0,0,0,0,0,0,0,0,0,0,0,0,0,0,0,0,0,0
"2015","MUNICIPIO",351400,52,0,0,8,44,2,6,11,10,15,30,22,3,0,1,1,0,0,0,1,0,0,0,0,0,0,0,0,0,0,0,0,0,0,0,0,0,0
"2015","MUNICIPIO",351410,229,0,0,22,207,6,43,49,36,73,140,89,6,0,5,5,0,2,0,4,0,0,1,0,1,0,0,0,1,0,1,0,0,0,0,0,0,0
"2015","MUNICIPIO",351420,18,0,0,0,18,2,3,6,2,5,8,10,1,0,0,0,0,0,0,0,0,0,0,0,0,0,0,0,0,0,0,0,0,0,0,0,0,0
"2015","MUNICIPIO",351430,72,0,0,7,65,3,13,19,14,16,33,39,2,0,0,0,0,1,0,0,0,0,0,0,0,0,0,0,0,0,0,0,0,0,0,0,0,0
"2015","MUNICIPIO",351440,373,0,0,20,353,15,67,96,58,117,219,153,12,0,1,1,0,0,0,0,0,0,1,0,0,0,0,0,0,0,0,0,0,0,0,0,0,0
"2015","MUNICIPIO",351450,112,0,0,3,109,3,20,24,16,46,64,48,3,0,1,1,0,0,0,1,0,0,0,0,0,0,0,0,0,0,0,0,0,0,0,0,0,0
"2015","MUNICIPIO",351460,56,0,0,6,50,1,12,10,9,18,30,26,7,0,3,2,1,0,0,3,0,0,0,0,0,0,0,0,0,0,0,0,0,0,0,0,0,0
"2015","MUNICIPIO",351470,63,0,0,8,55,4,9,17,10,15,38,25,2,0,1,1,0,0,0,1,0,0,0,0,0,0,0,0,0,0,0,0,0,0,0,0,0,0
"2015","MUNICIPIO",351480,91,0,0,9,82,4,15,24,8,31,53,38,4,0,0,0,0,1,0,0,0,0,0,0,0,0,0,0,0,0,0,0,0,0,0,0,0,0
"2015","MUNICIPIO",351490,102,0,0,15,87,8,13,22,11,33,61,41,7,0,1,1,0,1,0,1,0,0,0,0,1,0,0,0,1,0,1,1,0,0,0,1,0,0
"2015","MUNICIPIO",351492,22,0,0,3,19,1,3,6,5,4,17,5,1,0,0,0,0,0,0,0,0,0,0,0,1,0,0,0,1,0,1,1,0,0,0,0,0,0
"2015","MUNICIPIO",351495,19,0,0,1,18,0,3,5,3,7,14,5,1,0,1,1,0,0,0,1,0,0,0,0,0,0,0,0,0,0,0,0,0,0,0,0,0,0
"2015","MUNICIPIO",351500,1365,0,0,129,1236,57,248,487,145,299,808,556,82,0,27,25,2,26,0,12,0,0,15,0,4,0,0,0,3,1,3,3,0,0,2,1,0,0
"2015","MUNICIPIO",351510,514,0,0,51,463,15,84,164,43,157,292,222,32,0,4,4,0,2,1,2,0,0,2,0,1,1,0,0,0,0,1,1,0,0,1,0,0,0
"2015","MUNICIPIO",351512,25,0,0,2,23,0,5,6,4,8,13,12,0,0,0,0,0,1,0,0,0,0,0,0,0,0,0,0,0,0,0,0,0,0,0,0,0,0
"2015","MUNICIPIO",351515,70,0,0,12,58,3,11,13,8,23,41,28,8,0,3,3,0,0,0,2,0,0,1,0,0,0,0,0,0,0,0,0,0,0,0,0,0,0
"2015","MUNICIPIO",351518,367,0,0,19,348,13,67,121,51,96,189,178,13,0,5,3,2,1,0,4,0,0,1,0,0,0,0,0,0,0,0,0,0,0,0,0,0,0
"2015","MUNICIPIO",351519,28,0,0,2,26,2,6,5,1,12,20,8,1,0,2,2,0,1,0,2,0,0,0,0,0,0,0,0,0,0,0,0,0,0,0,0,0,0
"2015","MUNICIPIO",351520,66,0,0,4,62,2,12,14,13,21,38,28,3,0,0,0,0,0,0,0,0,0,0,0,0,0,0,0,0,0,0,0,0,0,0,0,0,0
"2015","MUNICIPIO",351530,16,0,0,0,16,1,9,5,1,0,10,6,2,0,0,0,0,0,0,0,0,0,0,0,0,0,0,0,0,0,0,0,0,0,0,0,0,0
"2015","MUNICIPIO",351535,69,0,0,10,59,4,6,17,10,22,44,25,4,0,1,1,0,0,0,0,0,0,1,0,1,0,0,0,1,0,1,1,0,0,0,1,0,0
"2015","MUNICIPIO",351540,118,0,0,11,107,5,29,28,8,37,73,45,4,0,1,1,0,2,0,1,0,0,0,0,0,0,0,0,0,0,0,0,0,0,0,0,0,0
"2015","MUNICIPIO",351550,552,0,0,44,508,22,111,157,60,158,342,210,20,0,4,4,0,0,0,4,0,0,0,0,1,0,0,0,0,1,0,0,0,0,0,0,0,0
"2015","MUNICIPIO",351560,35,0,0,5,30,1,7,9,3,10,23,12,1,0,1,1,0,1,0,1,0,0,0,0,0,0,0,0,0,0,0,0,0,0,0,0,0,0
"2015","MUNICIPIO",351565,16,0,0,0,16,1,3,6,2,4,9,7,0,0,0,0,0,0,0,0,0,0,0,0,0,0,0,0,0,0,0,0,0,0,0,0,0,0
"2015","MUNICIPIO",351570,929,0,0,69,860,42,139,197,90,392,518,411,67,0,22,11,11,9,1,17,0,0,5,0,3,1,0,0,1,1,2,2,0,0,1,1,0,0
"2015","MUNICIPIO",351580,21,0,0,1,20,0,1,4,8,7,12,9,1,0,0,0,0,0,0,0,0,0,0,0,0,0,0,0,0,0,0,0,0,0,0,0,0,0
"2015","MUNICIPIO",351590,26,0,0,0,26,1,3,5,9,8,13,13,0,0,0,0,0,0,0,0,0,0,0,0,0,0,0,0,0,0,0,0,0,0,0,0,0,0
"2015","MUNICIPIO",351600,99,0,0,5,94,6,16,20,12,40,54,45,3,0,3,2,1,0,0,2,0,0,0,0,0,0,0,0,0,0,0,0,0,0,0,0,0,0
"2015","MUNICIPIO",351610,30,0,0,2,28,2,0,13,3,10,14,16,1,0,1,1,0,0,1,1,0,0,0,0,1,1,0,0,0,0,1,1,0,0,0,1,0,0
"2015","MUNICIPIO",351620,2042,0,0,147,1895,113,358,669,271,484,1148,893,95,0,33,27,6,13,1,27,0,0,2,0,2,1,1,0,0,0,2,2,0,0,1,1,0,0
"2015","MUNICIPIO",351630,826,0,0,80,746,38,135,279,95,199,493,333,58,0,21,13,8,11,0,4,0,0,16,0,2,0,2,0,0,0,2,2,0,0,0,2,0,0
"2015","MUNICIPIO",351640,833,0,0,75,758,36,132,306,113,171,481,352,45,0,23,16,7,7,0,17,0,0,4,0,2,0,0,0,0,2,0,0,0,0,0,0,0,0
"2015","MUNICIPIO",351650,21,0,0,3,18,1,4,5,3,5,18,3,0,0,1,1,0,1,0,1,0,0,0,0,0,0,0,0,0,0,0,0,0,0,0,0,0,0
"2015","MUNICIPIO",351660,59,0,0,6,53,2,11,21,6,13,35,24,5,0,0,0,0,0,0,0,0,0,0,0,1,0,0,0,0,1,0,0,0,0,0,0,0,0
"2015","MUNICIPIO",351670,424,0,0,27,397,8,80,144,47,118,234,190,12,0,7,6,1,3,0,6,0,0,0,0,0,0,0,0,0,0,0,0,0,0,0,0,0,0
"2015","MUNICIPIO",351680,25,0,0,1,24,2,3,4,4,11,18,7,0,0,1,1,0,1,0,0,0,0,1,0,0,0,0,0,0,0,0,0,0,0,0,0,0,0
"2015","MUNICIPIO",351685,30,0,0,2,28,1,5,8,3,11,14,16,2,0,1,1,0,0,0,1,0,0,0,0,0,0,0,0,0,0,0,0,0,0,0,0,0,0
"2015","MUNICIPIO",351690,98,0,0,8,90,4,13,35,11,27,65,33,6,0,0,0,0,0,0,0,0,0,0,0,0,0,0,0,0,0,0,0,0,0,0,0,0,0
"2015","MUNICIPIO",351700,93,0,0,8,85,3,10,21,20,31,56,37,4,0,1,0,1,0,0,0,0,0,1,0,0,0,0,0,0,0,0,0,0,0,0,0,0,0
"2015","MUNICIPIO",351710,32,0,0,4,28,2,3,7,8,8,17,15,3,0,0,0,0,0,0,0,0,0,0,0,0,0,0,0,0,0,0,0,0,0,0,0,0,0
"2015","MUNICIPIO",351720,74,0,0,5,69,0,14,16,7,32,43,31,2,0,1,1,0,0,0,1,0,0,0,0,0,0,0,0,0,0,0,0,0,0,0,0,0,0
"2015","MUNICIPIO",351730,46,0,0,5,41,3,7,19,3,9,31,15,1,0,0,0,0,0,0,0,0,0,0,0,0,0,0,0,0,0,0,0,0,0,0,0,0,0
"2015","MUNICIPIO",351740,306,0,0,32,274,26,67,64,42,75,176,130,18,0,0,0,0,5,0,0,0,0,0,0,1,0,0,0,1,0,1,1,0,0,1,0,0,0
"2015","MUNICIPIO",351750,115,0,0,5,110,4,28,33,13,32,61,54,5,0,3,2,1,0,0,3,0,0,0,0,0,0,0,0,0,0,0,0,0,0,0,0,0,0
"2015","MUNICIPIO",351760,119,0,0,10,109,6,16,30,16,41,64,55,5,0,4,2,2,2,0,4,0,0,0,0,0,0,0,0,0,0,0,0,0,0,0,0,0,0
"2015","MUNICIPIO",351770,138,0,0,10,128,4,24,30,14,56,74,64,6,0,2,1,1,2,0,2,0,0,0,0,1,0,0,0,0,1,0,0,0,0,0,0,0,0
"2015","MUNICIPIO",351780,65,0,0,2,63,2,12,13,11,25,42,23,1,0,0,0,0,0,0,0,0,0,0,0,0,0,0,0,0,0,0,0,0,0,0,0,0,0
"2015","MUNICIPIO",351790,86,0,0,10,76,2,14,20,18,22,50,36,3,0,1,1,0,1,0,0,0,0,1,0,1,0,0,0,1,0,1,1,0,0,0,1,0,0
"2015","MUNICIPIO",351800,16,0,0,2,14,0,4,4,3,3,10,6,1,0,0,0,0,1,0,0,0,0,0,0,0,0,0,0,0,0,0,0,0,0,0,0,0,0
"2015","MUNICIPIO",351810,42,0,0,3,39,0,11,13,7,8,23,19,4,0,0,0,0,0,0,0,0,0,0,0,0,0,0,0,0,0,0,0,0,0,0,0,0,0
"2015","MUNICIPIO",351820,287,0,0,25,262,13,47,56,43,103,163,124,8,0,8,8,0,1,0,8,0,0,0,0,0,0,0,0,0,0,0,0,0,0,0,0,0,0
"2015","MUNICIPIO",351830,191,0,0,16,175,4,34,43,32,62,119,72,8,0,3,3,0,3,0,2,0,0,0,0,0,0,0,0,0,0,0,0,0,0,0,0,0,0
"2015","MUNICIPIO",351840,935,0,0,73,862,40,165,240,135,282,515,420,35,0,6,3,3,3,0,5,0,0,1,0,0,0,0,0,0,0,0,0,0,0,0,0,0,0
"2015","MUNICIPIO",351850,86,0,0,9,77,3,13,25,10,26,52,34,4,0,3,3,0,0,0,3,0,0,0,0,0,0,0,0,0,0,0,0,0,0,0,0,0,0
"2015","MUNICIPIO",351860,268,0,0,21,247,18,53,75,26,75,145,123,13,0,3,1,2,1,0,2,0,0,1,0,0,0,0,0,0,0,0,0,0,0,0,0,0,0
"2015","MUNICIPIO",351870,1937,0,0,152,1785,122,339,638,183,503,1083,854,121,0,56,39,17,22,0,35,0,0,21,0,6,0,0,0,5,1,5,4,0,0,2,2,0,0
"2015","MUNICIPIO",351880,7369,0,0,700,6669,255,1299,2470,1078,1567,4108,3261,412,0,178,118,60,82,3,104,5,0,61,0,23,3,0,0,11,9,14,14,0,1,4,7,1,1
"2015","MUNICIPIO",351885,63,0,0,11,52,0,13,15,7,17,38,25,1,0,0,0,0,0,0,0,0,0,0,0,0,0,0,0,0,0,0,0,0,0,0,0,0,0
"2015","MUNICIPIO",351890,40,0,0,4,36,1,11,11,1,12,25,15,3,0,0,0,0,1,0,0,0,0,0,0,0,0,0,0,0,0,0,0,0,0,0,0,0,0
"2015","MUNICIPIO",351900,54,0,0,2,52,5,8,23,6,10,29,25,3,0,1,1,0,1,0,1,0,0,0,0,0,0,0,0,0,0,0,0,0,0,0,0,0,0
"2015","MUNICIPIO",351905,68,0,0,6,62,4,7,12,14,25,41,27,3,0,0,0,0,0,0,0,0,0,0,0,0,0,0,0,0,0,0,0,0,0,0,0,0,0
"2015","MUNICIPIO",351907,1127,0,0,127,1000,50,191,302,155,302,619,508,82,0,24,19,5,8,1,16,0,0,6,0,2,1,0,0,0,1,1,1,0,0,0,0,0,0
"2015","MUNICIPIO",351910,81,0,0,4,77,5,11,18,15,28,51,30,0,0,1,0,1,0,0,1,0,0,0,0,0,0,0,0,0,0,0,0,0,0,0,0,0,0
"2015","MUNICIPIO",351920,43,0,0,2,41,2,6,7,5,21,21,22,3,0,1,1,0,0,0,0,1,0,0,0,0,0,0,0,0,0,0,0,0,0,0,0,0,0
"2015","MUNICIPIO",351925,38,0,0,6,32,1,5,6,1,19,28,10,1,0,2,2,0,2,0,2,0,0,0,0,0,0,0,0,0,0,0,0,0,0,0,0,0,0
"2015","MUNICIPIO",351930,175,0,0,14,161,6,29,57,22,47,92,83,10,0,1,1,0,3,0,1,0,0,0,0,3,0,0,0,1,2,1,1,0,0,0,0,0,0
"2015","MUNICIPIO",351940,92,0,0,15,77,1,19,11,17,29,60,32,2,0,2,1,1,0,0,2,0,0,0,0,0,0,0,0,0,0,0,0,0,0,0,0,0,0
"2015","MUNICIPIO",351950,49,0,0,3,46,1,1,16,4,24,26,23,2,0,1,1,0,0,0,1,0,0,0,0,0,0,0,0,0,0,0,0,0,0,0,0,0,0
"2015","MUNICIPIO",351960,416,0,0,40,376,10,90,125,46,105,227,189,20,0,5,3,2,3,1,5,0,0,0,0,3,1,1,0,1,0,3,2,0,1,0,1,0,0
"2015","MUNICIPIO",351970,513,0,0,55,458,18,71,109,63,197,329,183,25,0,10,9,1,0,0,10,0,0,0,0,3,0,1,0,0,2,1,0,0,0,0,0,0,0
"2015","MUNICIPIO",351980,51,0,0,8,43,2,9,13,5,14,33,18,1,0,0,0,0,1,0,0,0,0,0,0,0,0,0,0,0,0,0,0,0,0,0,0,0,0
"2015","MUNICIPIO",351990,59,0,0,5,54,1,9,16,12,16,31,28,1,0,1,1,0,0,0,0,0,0,1,0,0,0,0,0,0,0,0,0,0,0,0,0,0,0
"2015","MUNICIPIO",352000,160,0,0,11,149,10,30,42,23,44,91,69,7,0,3,1,2,0,0,2,1,0,0,0,0,0,0,0,0,0,0,0,0,0,0,0,0,0
"2015","MUNICIPIO",352010,256,0,0,19,237,12,39,78,30,78,139,117,14,0,6,5,1,0,1,5,0,0,1,0,1,1,0,0,0,0,1,0,0,0,0,0,0,1
"2015","MUNICIPIO",352020,55,0,0,7,48,2,4,19,5,18,28,26,2,0,1,1,0,1,0,1,0,0,0,0,0,0,0,0,0,0,0,0,0,0,0,0,0,0
"2015","MUNICIPIO",352030,256,0,0,16,240,5,32,67,34,102,152,104,7,0,2,2,0,1,1,2,0,0,0,0,1,1,0,0,0,0,1,0,0,0,1,0,0,0
"2015","MUNICIPIO",352040,122,0,0,14,108,5,25,35,17,26,64,58,12,0,3,3,0,0,0,3,0,0,0,0,0,0,0,0,0,0,0,0,0,0,0,0,0,0
"2015","MUNICIPIO",352042,114,0,0,15,99,6,23,26,15,29,71,43,5,0,0,0,0,1,0,0,0,0,0,0,0,0,0,0,0,0,0,0,0,0,0,0,0,0
"2015","MUNICIPIO",352044,155,0,0,16,139,9,42,37,19,32,86,69,7,0,0,0,0,0,0,0,0,0,0,0,0,0,0,0,0,0,0,0,0,0,0,0,0,0
"2015","MUNICIPIO",352050,1243,0,0,91,1152,46,264,378,203,261,708,534,66,0,25,21,4,9,1,20,1,0,4,0,3,1,0,1,0,1,2,2,0,0,1,1,0,0
"2015","MUNICIPIO",352060,48,0,0,2,46,0,8,16,4,18,26,22,2,0,1,0,1,0,0,1,0,0,0,0,0,0,0,0,0,0,0,0,0,0,0,0,0,0
"2015","MUNICIPIO",352070,36,0,0,4,32,3,4,7,7,11,23,13,5,0,1,1,0,0,0,1,0,0,0,0,0,0,0,0,0,0,0,0,0,0,0,0,0,0
"2015","MUNICIPIO",352080,33,0,0,2,31,0,8,7,8,8,20,13,1,0,0,0,0,0,0,0,0,0,0,0,0,0,0,0,0,0,0,0,0,0,0,0,0,0
"2015","MUNICIPIO",352090,100,0,0,8,92,4,13,30,4,41,59,41,6,0,0,0,0,0,0,0,0,0,0,0,0,0,0,0,0,0,0,0,0,0,0,0,0,0
"2015","MUNICIPIO",352100,131,0,0,16,115,6,14,36,16,43,84,47,7,0,4,4,0,1,0,2,0,0,0,0,1,0,0,0,1,0,1,1,0,0,1,0,0,0
"2015","MUNICIPIO",352110,39,0,0,2,37,1,9,13,2,12,21,18,1,0,0,0,0,1,0,0,0,0,0,0,0,0,0,0,0,0,0,0,0,0,0,0,0,0
"2015","MUNICIPIO",352115,27,0,0,3,24,1,7,7,4,5,15,12,3,0,0,0,0,0,0,0,0,0,0,0,0,0,0,0,0,0,0,0,0,0,0,0,0,0
"2015","MUNICIPIO",352120,35,0,0,5,30,1,4,7,9,9,23,12,1,0,1,1,0,0,0,1,0,0,0,0,0,0,0,0,0,0,0,0,0,0,0,0,0,0
"2015","MUNICIPIO",352130,85,0,0,3,82,2,16,17,12,35,48,37,4,0,0,0,0,0,0,0,0,0,0,0,0,0,0,0,0,0,0,0,0,0,0,0,0,0
"2015","MUNICIPIO",352140,112,0,0,7,105,4,22,28,17,34,56,56,7,0,0,0,0,0,0,0,0,0,0,0,0,0,0,0,0,0,0,0,0,0,0,0,0,0
"2015","MUNICIPIO",352150,64,0,0,6,58,1,5,20,12,20,32,32,5,0,0,0,0,0,0,0,0,0,0,0,0,0,0,0,0,0,0,0,0,0,0,0,0,0
"2015","MUNICIPIO",352160,65,0,0,6,59,2,8,16,13,20,44,21,2,0,0,0,0,0,0,0,0,0,0,0,0,0,0,0,0,0,0,0,0,0,0,0,0,0
"2015","MUNICIPIO",352170,138,0,0,9,129,3,24,44,18,40,79,59,9,0,1,1,0,4,0,1,0,0,0,0,0,0,0,0,0,0,0,0,0,0,0,0,0,0
"2015","MUNICIPIO",352180,176,0,0,14,162,9,21,29,27,76,104,72,4,0,4,3,1,4,0,4,0,0,0,0,0,0,0,0,0,0,0,0,0,0,0,0,0,0
"2015","MUNICIPIO",352190,146,0,0,12,134,3,32,49,18,32,76,70,6,0,2,1,1,0,0,2,0,0,0,0,0,0,0,0,0,0,0,0,0,0,0,0,0,0
"2015","MUNICIPIO",352200,26,0,0,2,24,3,6,5,6,4,18,8,2,0,0,0,0,0,0,0,0,0,0,0,1,0,0,0,0,1,0,0,0,0,0,0,0,0
"2015","MUNICIPIO",352210,824,0,0,57,767,35,141,284,90,217,464,360,43,0,9,5,4,10,0,6,0,0,3,0,3,0,0,0,0,3,0,0,0,0,0,0,0,0
"2015","MUNICIPIO",352215,31,0,0,2,29,1,1,12,2,13,16,15,2,0,3,2,1,0,0,3,0,0,0,0,0,0,0,0,0,0,0,0,0,0,0,0,0,0
"2015","MUNICIPIO",352220,913,0,0,106,807,36,148,316,94,213,549,364,64,0,18,16,2,13,1,7,0,0,11,0,1,1,0,0,0,0,1,1,0,0,1,0,0,0
"2015","MUNICIPIO",352230,1013,0,0,98,915,40,143,286,152,294,551,462,51,0,17,12,5,5,1,16,0,0,1,0,1,1,0,0,0,0,1,0,0,0,0,0,0,1
"2015","MUNICIPIO",352240,637,0,0,47,590,15,88,153,81,253,339,298,28,0,24,19,5,6,0,17,0,0,2,0,1,0,0,0,1,0,1,1,0,0,0,0,0,1
"2015","MUNICIPIO",352250,1146,0,0,131,1015,46,181,388,153,247,676,470,85,0,23,19,4,8,0,16,0,0,4,0,2,0,0,0,1,1,1,1,0,0,0,0,1,0
"2015","MUNICIPIO",352260,660,0,0,56,604,23,114,178,87,202,343,317,25,0,2,1,1,5,0,2,0,0,0,0,0,0,0,0,0,0,0,0,0,0,0,0,0,0
"2015","MUNICIPIO",352265,28,0,0,5,23,0,7,7,4,5,20,8,0,0,2,2,0,0,0,0,0,0,0,0,0,0,0,0,0,0,0,0,0,0,0,0,0,0
"2015","MUNICIPIO",352270,367,0,0,21,346,18,72,138,31,87,213,154,12,0,4,4,0,1,0,4,0,0,0,0,1,0,1,0,0,0,1,0,0,0,0,1,0,0
"2015","MUNICIPIO",352280,115,0,0,12,103,4,16,30,15,38,71,44,3,0,0,0,0,1,0,0,0,0,0,0,0,0,0,0,0,0,0,0,0,0,0,0,0,0
"2015","MUNICIPIO",352290,97,0,0,7,90,3,16,20,17,34,49,48,3,0,2,2,0,0,0,1,0,0,1,0,0,0,0,0,0,0,0,0,0,0,0,0,0,0
"2015","MUNICIPIO",352300,28,0,0,2,26,1,5,9,3,8,18,10,2,0,1,0,1,0,0,1,0,0,0,0,0,0,0,0,0,0,0,0,0,0,0,0,0,0
"2015","MUNICIPIO",352310,1715,0,0,183,1532,85,227,383,175,662,945,770,126,0,48,37,11,23,0,21,1,0,24,0,7,0,0,0,5,2,5,5,0,1,2,2,0,0
"2015","MUNICIPIO",352320,386,0,0,22,364,7,77,142,27,111,200,186,16,0,7,5,2,1,0,7,0,0,0,0,0,0,0,0,0,0,0,0,0,0,0,0,0,0
"2015","MUNICIPIO",352330,101,0,0,9,92,6,10,29,10,37,63,38,2,0,0,0,0,0,0,0,0,0,0,0,1,0,0,0,1,0,1,1,0,0,1,0,0,0
"2015","MUNICIPIO",352340,682,0,0,27,655,26,147,223,103,156,354,328,31,0,9,6,3,4,0,7,0,0,0,0,4,0,0,0,3,1,3,3,0,1,0,2,0,0
"2015","MUNICIPIO",352350,113,0,0,14,99,4,19,31,20,25,70,43,10,0,1,1,0,0,0,1,0,0,0,0,1,0,0,0,0,1,0,0,0,0,0,0,0,0
"2015","MUNICIPIO",352360,86,0,0,5,81,3,12,28,8,30,45,41,8,0,0,0,0,0,0,0,0,0,0,0,0,0,0,0,0,0,0,0,0,0,0,0,0,0
"2015","MUNICIPIO",352370,48,0,0,3,45,1,2,15,8,19,28,20,2,0,1,1,0,0,0,1,0,0,0,0,0,0,0,0,0,0,0,0,0,0,0,0,0,0
"2015","MUNICIPIO",352380,55,0,0,7,48,1,13,19,6,9,41,14,2,0,0,0,0,0,0,0,0,0,0,0,0,0,0,0,0,0,0,0,0,0,0,0,0,0
"2015","MUNICIPIO",352390,1059,0,0,77,982,58,180,253,169,322,586,473,50,0,18,13,5,6,0,16,0,0,1,0,0,0,0,0,0,0,0,0,0,0,0,0,0,0
"2015","MUNICIPIO",352400,230,0,0,19,211,10,45,81,33,42,137,93,7,0,5,4,1,2,0,3,0,0,2,0,0,0,0,0,0,0,0,0,0,0,0,0,0,0
"2015","MUNICIPIO",352410,340,0,0,20,320,14,61,63,67,115,173,167,16,0,5,5,0,1,0,4,1,0,0,0,0,0,0,0,0,0,0,0,0,0,0,0,0,0
"2015","MUNICIPIO",352420,45,0,0,3,42,2,6,11,6,17,31,14,1,0,0,0,0,1,0,0,0,0,0,0,0,0,0,0,0,0,0,0,0,0,0,0,0,0
"2015","MUNICIPIO",352430,536,0,0,41,495,18,88,160,85,144,288,248,20,0,6,5,1,2,1,5,0,0,1,0,1,1,0,0,0,0,1,1,0,0,0,0,0,0
"2015","MUNICIPIO",352440,1451,0,0,104,1347,65,247,304,172,559,784,666,72,0,24,20,4,9,2,17,0,0,4,0,2,2,0,0,0,0,2,0,0,0,0,0,0,0
"2015","MUNICIPIO",352450,33,0,0,1,32,3,8,4,8,9,21,12,2,0,0,0,0,0,0,0,0,0,0,0,0,0,0,0,0,0,0,0,0,0,0,0,0,0
"2015","MUNICIPIO",352460,107,0,0,6,101,7,25,16,10,43,66,41,8,0,1,1,0,1,0,1,0,0,0,0,0,0,0,0,0,0,0,0,0,0,0,0,0,0
"2015","MUNICIPIO",352470,270,0,0,20,250,11,74,66,35,64,149,121,12,0,5,5,0,3,1,4,0,0,1,0,2,1,0,0,1,0,2,2,0,0,0,1,0,0
"2015","MUNICIPIO",352480,404,0,0,29,375,19,84,94,53,125,221,183,17,0,8,6,2,3,1,7,0,0,1,0,4,1,0,0,3,0,4,3,0,0,0,0,0,0
"2015","MUNICIPIO",352490,32,0,0,0,32,1,4,14,2,11,19,13,1,0,0,0,0,0,0,0,0,0,0,0,0,0,0,0,0,0,0,0,0,0,0,0,0,0
"2015","MUNICIPIO",352500,547,0,0,63,484,27,87,172,62,136,322,225,33,0,15,9,6,14,1,8,0,0,6,0,1,1,0,0,0,0,1,0,1,0,0,0,0,0
"2015","MUNICIPIO",352510,249,0,0,34,215,9,38,59,39,70,135,113,18,0,4,2,2,1,1,3,0,0,1,0,1,1,0,0,0,0,1,1,0,1,0,0,0,0
"2015","MUNICIPIO",352520,177,0,0,20,157,8,27,61,25,36,121,56,9,0,3,3,0,1,0,3,0,0,0,0,1,0,0,0,1,0,1,1,0,0,1,0,0,0
"2015","MUNICIPIO",352530,1122,0,0,76,1046,39,214,189,251,353,574,548,42,0,16,13,3,5,0,14,0,0,2,0,3,0,0,0,2,1,2,2,0,1,1,0,0,0
"2015","MUNICIPIO",352540,32,0,0,4,28,1,4,10,4,9,23,9,2,0,1,1,0,0,0,0,0,0,0,0,0,0,0,0,0,0,0,0,0,0,0,0,0,0
"2015","MUNICIPIO",352550,90,0,0,7,83,2,10,29,17,25,52,38,2,0,0,0,0,1,1,0,0,0,0,0,1,1,0,0,0,0,1,1,0,0,1,0,0,0
"2015","MUNICIPIO",352560,33,0,0,9,24,4,3,6,2,9,19,14,1,0,1,1,0,1,0,0,0,0,1,0,0,0,0,0,0,0,0,0,0,0,0,0,0,0
"2015","MUNICIPIO",352570,216,0,0,22,194,13,26,57,41,57,118,98,12,0,3,1,2,1,0,3,0,0,0,0,0,0,0,0,0,0,0,0,0,0,0,0,0,0
"2015","MUNICIPIO",352580,40,0,0,1,39,5,4,19,5,6,25,15,3,0,0,0,0,0,0,0,0,0,0,0,0,0,0,0,0,0,0,0,0,0,0,0,0,0
"2015","MUNICIPIO",352585,17,0,0,0,17,0,4,5,2,6,7,10,2,0,0,0,0,0,0,0,0,0,0,0,0,0,0,0,0,0,0,0,0,0,0,0,0,0
"2015","MUNICIPIO",352590,2659,0,0,157,2502,91,653,848,379,531,1419,1240,78,0,34,26,8,22,0,28,1,0,5,0,2,0,0,0,2,0,2,2,0,1,1,0,0,0
"2015","MUNICIPIO",352600,157,0,0,11,146,1,34,47,29,35,89,68,10,0,2,2,0,0,0,2,0,0,0,0,0,0,0,0,0,0,0,0,0,0,0,0,0,0
"2015","MUNICIPIO",352610,138,0,0,14,124,7,18,24,22,53,84,54,8,0,0,0,0,0,0,0,0,0,0,0,0,0,0,0,0,0,0,0,0,0,0,0,0,0
"2015","MUNICIPIO",352620,192,0,0,18,174,9,28,61,29,47,115,77,6,0,7,4,3,3,0,4,0,0,3,0,0,0,0,0,0,0,0,0,0,0,0,0,0,0
"2015","MUNICIPIO",352630,39,0,0,1,38,2,11,11,4,10,22,17,0,0,0,0,0,0,0,0,0,0,0,0,0,0,0,0,0,0,0,0,0,0,0,0,0,0
"2015","MUNICIPIO",352640,218,0,0,17,201,4,40,58,24,75,104,114,11,0,4,4,0,1,0,4,0,0,0,0,0,0,0,0,0,0,0,0,0,0,0,0,0,0
"2015","MUNICIPIO",352650,59,0,0,5,54,3,10,22,6,13,38,21,0,0,0,0,0,0,0,0,0,0,0,0,0,0,0,0,0,0,0,0,0,0,0,0,0,0
"2015","MUNICIPIO",352660,39,0,0,5,34,1,5,7,3,18,24,15,1,0,1,1,0,0,0,0,0,0,1,0,0,0,0,0,0,0,0,0,0,0,0,0,0,0
"2015","MUNICIPIO",352670,646,0,0,39,607,35,118,135,104,215,355,291,33,0,10,8,2,2,0,9,0,0,1,0,1,0,0,0,1,0,1,1,0,1,0,0,0,0
"2015","MUNICIPIO",352680,406,0,0,36,370,23,85,100,49,113,231,175,11,0,5,3,2,1,0,5,0,0,0,0,0,0,0,0,0,0,0,0,0,0,0,0,0,0
"2015","MUNICIPIO",352690,1980,0,0,133,1847,99,356,627,228,537,1070,910,87,0,25,17,8,10,0,22,1,0,2,0,1,0,0,0,0,1,0,0,0,0,0,0,0,0
"2015","MUNICIPIO",352700,44,0,0,5,39,1,10,12,4,12,19,25,4,0,0,0,0,0,0,0,0,0,0,0,0,0,0,0,0,0,0,0,0,0,0,0,0,0
"2015","MUNICIPIO",352710,594,0,0,41,553,20,96,117,91,229,334,260,23,0,6,5,1,1,0,5,0,0,1,0,1,0,1,0,0,0,1,0,0,0,0,0,0,1
"2015","MUNICIPIO",352720,688,0,0,55,633,43,97,186,113,194,358,328,40,0,6,6,0,3,0,4,0,0,2,0,0,0,0,0,0,0,0,0,0,0,0,0,0,0
"2015","MUNICIPIO",352725,18,0,0,1,17,1,5,5,2,4,15,3,0,0,0,0,0,0,0,0,0,0,0,0,0,0,0,0,0,0,0,0,0,0,0,0,0,0
"2015","MUNICIPIO",352730,201,0,0,24,177,3,36,64,24,50,119,82,14,0,5,2,3,0,0,5,0,0,0,0,0,0,0,0,0,0,0,0,0,0,0,0,0,0
"2015","MUNICIPIO",352740,158,0,0,8,150,4,28,39,22,57,94,64,5,0,2,1,1,0,1,1,0,0,1,0,1,1,0,0,0,0,1,1,0,0,0,0,1,0
"2015","MUNICIPIO",352750,14,0,0,3,11,0,3,4,0,4,11,3,0,0,1,0,1,0,0,0,0,0,1,0,0,0,0,0,0,0,0,0,0,0,0,0,0,0
"2015","MUNICIPIO",352760,48,0,0,2,46,3,5,18,4,16,22,26,3,0,1,1,0,1,0,1,0,0,0,0,0,0,0,0,0,0,0,0,0,0,0,0,0,0
"2015","MUNICIPIO",352770,41,0,0,1,40,1,8,6,4,21,24,17,1,0,1,1,0,0,0,1,0,0,0,0,0,0,0,0,0,0,0,0,0,0,0,0,0,0
"2015","MUNICIPIO",352780,31,0,0,2,29,0,8,9,4,8,19,12,2,0,1,1,0,0,0,1,0,0,0,0,0,0,0,0,0,0,0,0,0,0,0,0,0,0
"2015","MUNICIPIO",352790,19,0,0,3,16,0,2,4,2,8,12,7,1,0,0,0,0,0,0,0,0,0,0,0,0,0,0,0,0,0,0,0,0,0,0,0,0,0
"2015","MUNICIPIO",352800,119,0,0,15,104,2,17,29,10,46,65,54,6,0,1,1,0,0,0,0,0,0,1,0,0,0,0,0,0,0,0,0,0,0,0,0,0,0
"2015","MUNICIPIO",352810,74,0,0,5,69,1,16,25,3,24,46,28,2,0,2,1,1,0,0,0,0,0,2,0,0,0,0,0,0,0,0,0,0,0,0,0,0,0
"2015","MUNICIPIO",352820,37,0,0,2,35,0,5,17,2,11,20,17,0,0,1,1,0,0,0,1,0,0,0,0,0,0,0,0,0,0,0,0,0,0,0,0,0,0
"2015","MUNICIPIO",352830,25,0,0,3,22,0,8,5,2,7,17,8,2,0,0,0,0,0,0,0,0,0,0,0,0,0,0,0,0,0,0,0,0,0,0,0,0,0
"2015","MUNICIPIO",352840,308,0,0,37,271,9,58,76,32,96,171,136,18,0,5,4,1,3,1,3,0,0,0,0,1,1,0,0,0,0,1,1,0,0,0,0,0,0
"2015","MUNICIPIO",352850,549,0,0,63,486,19,85,159,86,137,325,224,24,0,11,8,3,7,0,7,0,0,2,0,1,0,0,0,1,0,1,1,0,0,0,0,0,1
"2015","MUNICIPIO",352860,73,0,0,3,70,0,8,17,9,36,33,40,3,0,1,1,0,1,0,1,0,0,0,0,0,0,0,0,0,0,0,0,0,0,0,0,0,0
"2015","MUNICIPIO",352870,25,0,0,3,22,1,5,6,3,7,17,8,1,0,0,0,0,0,0,0,0,0,0,0,0,0,0,0,0,0,0,0,0,0,0,0,0,0
"2015","MUNICIPIO",352880,97,0,0,11,86,2,17,26,12,29,50,47,6,0,3,1,2,0,0,3,0,0,0,0,0,0,0,0,0,0,0,0,0,0,0,0,0,0
"2015","MUNICIPIO",352885,17,0,0,1,16,0,1,10,2,3,9,8,1,0,0,0,0,0,0,0,0,0,0,0,0,0,0,0,0,0,0,0,0,0,0,0,0,0
"2015","MUNICIPIO",352890,35,0,0,3,32,0,7,11,3,11,22,13,1,0,1,1,0,0,0,1,0,0,0,0,0,0,0,0,0,0,0,0,0,0,0,0,0,0
"2015","MUNICIPIO",352900,1595,0,0,100,1495,91,287,515,235,367,882,713,68,0,22,18,4,13,0,19,0,0,3,0,2,0,1,1,0,0,2,1,0,0,0,0,0,1
"2015","MUNICIPIO",352910,25,0,0,1,24,0,3,7,3,11,11,14,0,0,0,0,0,0,0,0,0,0,0,0,0,0,0,0,0,0,0,0,0,0,0,0,0,0
"2015","MUNICIPIO",352920,228,0,0,18,210,5,29,50,40,86,145,83,7,0,6,4,2,2,0,4,0,0,2,0,0,0,0,0,0,0,0,0,0,0,0,0,0,0
"2015","MUNICIPIO",352930,576,0,0,36,540,20,113,170,109,128,326,250,24,0,11,9,2,5,0,11,0,0,0,0,0,0,0,0,0,0,0,0,0,0,0,0,0,0
"2015","MUNICIPIO",352940,2176,0,0,207,1969,91,391,743,310,434,1276,900,118,0,51,42,9,19,2,37,1,1,8,0,7,2,0,0,4,1,6,4,0,0,3,3,0,0
"2015","MUNICIPIO",352950,30,0,0,2,28,1,3,11,5,8,17,13,1,0,0,0,0,0,0,0,0,0,0,0,0,0,0,0,0,0,0,0,0,0,0,0,0,0
"2015","MUNICIPIO",352960,27,0,0,4,23,1,6,4,7,5,20,7,0,0,0,0,0,0,0,0,0,0,0,0,0,0,0,0,0,0,0,0,0,0,0,0,0,0
"2015","MUNICIPIO",352965,10,0,0,1,9,0,4,2,0,3,6,4,0,0,1,1,0,0,0,1,0,0,0,0,0,0,0,0,0,0,0,0,0,0,0,0,0,0
"2015","MUNICIPIO",352970,155,0,0,11,144,5,22,35,26,56,92,63,5,0,3,2,1,2,0,3,0,0,0,0,0,0,0,0,0,0,0,0,0,0,0,0,0,0
"2015","MUNICIPIO",352980,102,0,0,5,97,7,19,15,20,36,59,43,4,0,0,0,0,1,0,0,0,0,0,0,0,0,0,0,0,0,0,0,0,0,0,0,0,0
"2015","MUNICIPIO",352990,170,0,0,29,141,5,33,37,23,43,109,61,9,0,2,2,0,2,0,0,0,0,2,0,0,0,0,0,0,0,0,0,0,0,0,0,0,0
"2015","MUNICIPIO",353000,22,0,0,1,21,1,5,4,5,6,16,6,0,0,0,0,0,0,0,0,0,0,0,0,0,0,0,0,0,0,0,0,0,0,0,0,0,0
"2015","MUNICIPIO",353010,204,0,0,13,191,6,31,51,33,70,119,85,3,0,2,2,0,3,0,2,0,0,0,0,0,0,0,0,0,0,0,0,0,0,0,0,0,0
"2015","MUNICIPIO",353020,134,0,0,12,122,6,28,35,23,30,88,46,3,0,5,4,1,0,0,4,0,0,0,0,1,0,0,0,1,0,1,0,0,0,0,0,0,0
"2015","MUNICIPIO",353030,413,0,0,35,378,23,78,118,59,100,238,175,12,0,5,3,2,0,0,4,0,0,1,0,0,0,0,0,0,0,0,0,0,0,0,0,0,0
"2015","MUNICIPIO",353040,33,0,0,4,29,3,5,8,4,9,18,15,1,0,0,0,0,0,0,0,0,0,0,0,0,0,0,0,0,0,0,0,0,0,0,0,0,0
"2015","MUNICIPIO",353050,561,0,0,43,518,10,116,182,79,131,307,254,12,0,3,2,1,0,0,2,0,0,1,0,0,0,0,0,0,0,0,0,0,0,0,0,0,0
"2015","MUNICIPIO",353060,2576,0,0,215,2361,88,467,913,334,559,1451,1125,145,0,49,31,18,26,4,41,0,1,7,0,9,4,0,1,3,1,8,8,0,1,4,2,0,1
"2015","MUNICIPIO",353070,1028,0,0,62,966,39,190,309,119,309,593,434,35,0,15,10,5,5,0,11,0,0,0,0,1,0,0,0,1,0,1,1,0,0,0,0,0,0
"2015","MUNICIPIO",353080,698,0,0,48,650,37,116,185,106,206,399,299,24,0,4,4,0,2,2,4,0,0,0,0,3,2,0,0,1,0,3,1,0,0,2,1,0,0
"2015","MUNICIPIO",353090,21,0,0,2,19,1,3,6,2,7,18,3,0,0,1,1,0,0,0,1,0,0,0,0,0,0,0,0,0,0,0,0,0,0,0,0,0,0
"2015","MUNICIPIO",353100,18,0,0,3,15,0,0,5,1,9,13,5,1,0,0,0,0,0,0,0,0,0,0,0,0,0,0,0,0,0,0,0,0,0,0,0,0,0
"2015","MUNICIPIO",353110,469,0,0,38,431,16,69,154,54,138,267,202,25,0,12,10,2,5,0,7,0,0,5,0,0,0,0,0,0,0,0,0,0,0,0,0,0,0
"2015","MUNICIPIO",353120,60,0,0,2,58,3,13,21,10,11,40,20,1,0,0,0,0,0,0,0,0,0,0,0,0,0,0,0,0,0,0,0,0,0,0,0,0,0
"2015","MUNICIPIO",353130,404,0,0,31,373,15,66,74,100,118,221,183,15,0,1,0,1,1,0,1,0,0,0,0,1,0,0,0,1,0,1,1,0,0,1,0,0,0
"2015","MUNICIPIO",353140,189,0,0,23,166,8,23,39,35,61,101,88,6,0,2,1,1,1,0,2,0,0,0,0,0,0,0,0,0,0,0,0,0,0,0,0,0,0
"2015","MUNICIPIO",353150,165,0,0,5,160,6,26,41,23,64,88,77,7,0,1,0,1,0,0,1,0,0,0,0,0,0,0,0,0,0,0,0,0,0,0,0,0,0
"2015","MUNICIPIO",353160,35,0,0,1,34,3,6,9,8,8,21,14,0,0,0,0,0,0,0,0,0,0,0,0,0,0,0,0,0,0,0,0,0,0,0,0,0,0
"2015","MUNICIPIO",353170,28,0,0,6,22,2,5,5,3,7,22,6,4,0,0,0,0,0,0,0,0,0,0,0,0,0,0,0,0,0,0,0,0,0,0,0,0,0
"2015","MUNICIPIO",353180,341,0,0,45,296,13,51,64,38,130,213,128,25,0,9,6,3,3,0,4,0,0,4,0,0,0,0,0,0,0,0,0,0,0,0,0,0,0
"2015","MUNICIPIO",353190,154,0,0,9,145,9,24,46,13,53,83,71,8,0,4,2,2,0,1,4,0,0,0,0,1,1,0,0,0,0,1,1,0,0,0,0,0,0
"2015","MUNICIPIO",353200,81,0,0,4,77,7,10,25,9,26,39,42,5,0,2,2,0,0,0,2,0,0,0,0,2,0,1,0,1,0,2,2,0,0,0,1,0,0
"2015","MUNICIPIO",353205,24,0,0,3,21,0,7,4,5,5,17,7,0,0,1,1,0,0,0,1,0,0,0,0,0,0,0,0,0,0,0,0,0,0,0,0,0,0
"2015","MUNICIPIO",353210,40,0,0,2,38,3,8,11,5,11,14,26,2,0,0,0,0,0,0,0,0,0,0,0,1,0,0,0,0,1,0,0,0,0,0,0,0,0
"2015","MUNICIPIO",353215,13,0,0,1,12,0,1,3,3,5,6,7,0,0,0,0,0,1,0,0,0,0,0,0,0,0,0,0,0,0,0,0,0,0,0,0,0,0
"2015","MUNICIPIO",353220,25,0,0,3,22,2,5,4,3,8,18,7,2,0,1,0,1,0,0,1,0,0,0,0,0,0,0,0,0,0,0,0,0,0,0,0,0,0
"2015","MUNICIPIO",353230,69,0,0,12,57,2,15,10,12,18,45,24,4,0,0,0,0,0,0,0,0,0,0,0,0,0,0,0,0,0,0,0,0,0,0,0,0,0
"2015","MUNICIPIO",353240,109,0,0,14,95,5,19,33,13,25,76,33,2,0,1,1,0,0,0,1,0,0,0,0,0,0,0,0,0,0,0,0,0,0,0,0,0,0
"2015","MUNICIPIO",353250,74,0,0,5,69,4,13,19,15,18,39,35,4,0,0,0,0,0,0,0,0,0,0,0,0,0,0,0,0,0,0,0,0,0,0,0,0,0
"2015","MUNICIPIO",353260,93,0,0,7,86,2,10,31,11,32,45,48,3,0,1,1,0,1,0,1,0,0,0,0,0,0,0,0,0,0,0,0,0,0,0,0,0,0
"2015","MUNICIPIO",353270,38,0,0,11,27,2,3,4,3,15,22,16,2,0,0,0,0,0,0,0,0,0,0,0,0,0,0,0,0,0,0,0,0,0,0,0,0,0
"2015","MUNICIPIO",353280,54,0,0,10,44,5,10,14,6,9,29,25,1,0,0,0,0,0,0,0,0,0,0,0,0,0,0,0,0,0,0,0,0,0,0,0,0,0
"2015","MUNICIPIO",353282,44,0,0,6,38,0,8,14,4,12,25,19,3,0,1,0,1,1,0,1,0,0,0,0,0,0,0,0,0,0,0,0,0,0,0,0,0,0
"2015","MUNICIPIO",353284,20,0,0,1,19,1,5,7,2,4,11,9,1,0,1,0,1,0,0,1,0,0,0,0,0,0,0,0,0,0,0,0,0,0,0,0,0,0
"2015","MUNICIPIO",353286,7,0,0,1,6,1,0,3,0,2,2,5,0,0,0,0,0,0,0,0,0,0,0,0,0,0,0,0,0,0,0,0,0,0,0,0,0,0
"2015","MUNICIPIO",353290,73,0,0,1,72,6,11,28,6,21,43,30,2,0,2,2,0,0,0,2,0,0,0,0,0,0,0,0,0,0,0,0,0,0,0,0,0,0
"2015","MUNICIPIO",353300,157,0,0,14,143,5,26,42,30,40,88,69,6,0,4,4,0,0,0,4,0,0,0,0,0,0,0,0,0,0,0,0,0,0,0,0,0,0
"2015","MUNICIPIO",353310,24,0,0,0,24,3,2,4,3,12,15,9,2,0,1,1,0,1,0,1,0,0,0,0,0,0,0,0,0,0,0,0,0,0,0,0,0,0
"2015","MUNICIPIO",353320,19,0,0,1,18,0,2,13,1,2,13,6,0,0,0,0,0,0,0,0,0,0,0,0,0,0,0,0,0,0,0,0,0,0,0,0,0,0
"2015","MUNICIPIO",353325,22,0,0,1,21,2,5,6,1,7,12,10,2,0,0,0,0,1,0,0,0,0,0,0,0,0,0,0,0,0,0,0,0,0,0,0,0,0
"2015","MUNICIPIO",353330,23,0,0,2,21,0,4,10,1,6,11,12,0,0,1,1,0,0,0,1,0,0,0,0,0,0,0,0,0,0,0,0,0,0,0,0,0,0
"2015","MUNICIPIO",353340,381,0,0,34,347,8,70,88,50,131,198,183,13,0,5,3,2,3,0,5,0,0,0,0,0,0,0,0,0,0,0,0,0,0,0,0,0,0
"2015","MUNICIPIO",353350,324,0,0,28,296,5,60,89,33,109,176,148,9,0,6,4,2,1,0,6,0,0,0,0,0,0,0,0,0,0,0,0,0,0,0,0,0,0
"2015","MUNICIPIO",353360,48,0,0,4,44,1,10,11,8,14,25,23,0,0,2,1,1,0,0,1,0,0,1,0,0,0,0,0,0,0,0,0,0,0,0,0,0,0
"2015","MUNICIPIO",353370,33,0,0,4,29,0,8,8,5,8,20,13,1,0,0,0,0,0,0,0,0,0,0,0,0,0,0,0,0,0,0,0,0,0,0,0,0,0
"2015","MUNICIPIO",353380,22,0,0,1,21,1,5,7,3,5,17,5,1,0,0,0,0,0,0,0,0,0,0,0,0,0,0,0,0,0,0,0,0,0,0,0,0,0
"2015","MUNICIPIO",353390,403,0,0,25,378,8,73,115,85,97,219,184,16,0,3,3,0,0,0,3,0,0,0,0,1,0,0,0,1,0,1,1,0,0,0,0,0,0
"2015","MUNICIPIO",353400,37,0,0,1,36,6,5,8,11,6,27,10,1,0,0,0,0,0,0,0,0,0,0,0,0,0,0,0,0,0,0,0,0,0,0,0,0,0
"2015","MUNICIPIO",353410,60,0,0,5,55,2,17,14,13,9,27,33,0,0,0,0,0,0,0,0,0,0,0,0,0,0,0,0,0,0,0,0,0,0,0,0,0,0
"2015","MUNICIPIO",353420,31,0,0,0,31,3,9,8,6,5,16,15,4,0,0,0,0,0,0,0,0,0,0,0,0,0,0,0,0,0,0,0,0,0,0,0,0,0
"2015","MUNICIPIO",353430,236,0,0,16,220,5,48,86,26,55,133,103,8,0,3,3,0,1,0,2,0,0,1,0,1,0,0,0,1,0,1,1,0,0,0,0,0,0
"2015","MUNICIPIO",353440,4418,0,0,383,4035,163,795,1506,587,984,2390,2027,219,0,73,46,27,42,1,50,1,0,15,0,5,1,0,1,1,2,3,3,0,0,1,0,2,0
"2015","MUNICIPIO",353450,24,0,0,0,24,1,4,8,6,5,14,10,0,0,0,0,0,0,0,0,0,0,0,0,0,0,0,0,0,0,0,0,0,0,0,0,0,0
"2015","MUNICIPIO",353460,284,0,0,12,272,13,41,77,37,104,154,130,6,0,1,1,0,1,0,0,0,0,1,0,0,0,0,0,0,0,0,0,0,0,0,0,0,0
"2015","MUNICIPIO",353470,818,0,0,65,753,35,139,207,93,279,460,358,29,0,6,4,2,3,0,6,0,0,0,0,0,0,0,0,0,0,0,0,0,0,0,0,0,0
"2015","MUNICIPIO",353475,69,0,0,6,63,4,7,16,15,21,34,35,1,0,0,0,0,0,0,0,0,0,0,0,0,0,0,0,0,0,0,0,0,0,0,0,0,0
"2015","MUNICIPIO",353480,52,0,0,3,49,0,10,12,5,22,27,25,1,0,1,1,0,0,0,0,0,0,1,0,0,0,0,0,0,0,0,0,0,0,0,0,0,0
"2015","MUNICIPIO",353490,122,0,0,4,118,7,20,26,12,53,61,61,7,0,2,2,0,0,0,2,0,0,0,0,0,0,0,0,0,0,0,0,0,0,0,0,0,0
"2015","MUNICIPIO",353500,89,0,0,10,79,3,20,18,18,20,50,39,2,0,0,0,0,0,0,0,0,0,0,0,0,0,0,0,0,0,0,0,0,0,0,0,0,0
"2015","MUNICIPIO",353510,61,0,0,2,59,3,12,22,6,16,34,27,3,0,2,2,0,0,0,2,0,0,0,0,0,0,0,0,0,0,0,0,0,0,0,0,0,0
"2015","MUNICIPIO",353520,81,0,0,8,73,3,15,18,14,23,45,36,5,0,1,1,0,1,0,1,0,0,0,0,0,0,0,0,0,0,0,0,0,0,0,0,0,0
"2015","MUNICIPIO",353530,201,0,0,13,188,10,45,56,23,54,107,94,7,0,1,1,0,1,0,1,0,0,0,0,0,0,0,0,0,0,0,0,0,0,0,0,0,0
"2015","MUNICIPIO",353540,106,0,0,8,98,4,13,30,13,38,59,47,2,0,2,1,1,2,0,2,0,0,0,0,0,0,0,0,0,0,0,0,0,0,0,0,0,0
"2015","MUNICIPIO",353550,342,0,0,18,324,18,54,113,42,97,188,154,13,0,1,0,1,1,0,1,0,0,0,0,0,0,0,0,0,0,0,0,0,0,0,0,0,0
"2015","MUNICIPIO",353560,113,0,0,11,102,4,15,27,17,39,75,38,5,0,3,1,2,0,0,2,0,0,1,0,0,0,0,0,0,0,0,0,0,0,0,0,0,0
"2015","MUNICIPIO",353570,42,0,0,7,35,0,8,11,6,10,22,20,3,0,0,0,0,0,0,0,0,0,0,0,0,0,0,0,0,0,0,0,0,0,0,0,0,0
"2015","MUNICIPIO",353580,130,0,0,5,125,4,21,28,19,53,81,49,4,0,0,0,0,0,0,0,0,0,0,0,0,0,0,0,0,0,0,0,0,0,0,0,0,0
"2015","MUNICIPIO",353590,42,0,0,3,39,2,5,6,13,13,20,22,0,0,0,0,0,0,0,0,0,0,0,0,0,0,0,0,0,0,0,0,0,0,0,0,0,0
"2015","MUNICIPIO",353600,92,0,0,6,86,1,14,36,9,26,51,41,1,0,2,2,0,1,0,2,0,0,0,0,0,0,0,0,0,0,0,0,0,0,0,0,0,0
"2015","MUNICIPIO",353610,43,0,0,8,35,2,8,14,6,5,21,22,4,0,0,0,0,0,0,0,0,0,0,0,0,0,0,0,0,0,0,0,0,0,0,0,0,0
"2015","MUNICIPIO",353620,142,0,0,10,132,5,29,31,23,44,82,60,3,0,6,6,0,1,0,3,0,0,1,1,0,0,0,0,0,0,0,0,0,0,0,0,0,0
"2015","MUNICIPIO",353625,17,0,0,2,15,1,0,3,4,7,11,6,1,0,0,0,0,0,0,0,0,0,0,0,0,0,0,0,0,0,0,0,0,0,0,0,0,0
"2015","MUNICIPIO",353630,103,0,0,5,98,4,12,34,9,39,52,51,4,0,1,0,1,1,0,1,0,0,0,0,0,0,0,0,0,0,0,0,0,0,0,0,0,0
"2015","MUNICIPIO",353640,51,0,0,8,43,0,11,13,2,17,31,20,6,0,0,0,0,0,0,0,0,0,0,0,0,0,0,0,0,0,0,0,0,0,0,0,0,0
"2015","MUNICIPIO",353650,448,0,0,35,413,13,108,107,58,127,236,212,15,0,7,6,1,2,1,3,0,0,4,0,1,1,0,0,0,0,1,0,0,0,0,1,0,0
"2015","MUNICIPIO",353657,14,0,0,0,14,0,2,3,3,6,6,8,0,0,0,0,0,0,0,0,0,0,0,0,0,0,0,0,0,0,0,0,0,0,0,0,0,0
"2015","MUNICIPIO",353660,63,0,0,6,57,5,13,11,8,20,33,30,2,0,2,2,0,0,0,2,0,0,0,0,0,0,0,0,0,0,0,0,0,0,0,0,0,0
"2015","MUNICIPIO",353670,331,0,0,24,307,7,54,75,52,119,169,161,18,0,2,2,0,5,0,1,0,0,1,0,3,0,1,0,2,0,3,3,0,0,1,2,0,0
"2015","MUNICIPIO",353680,48,0,0,4,44,2,9,19,5,9,27,21,1,0,0,0,0,0,0,0,0,0,0,0,0,0,0,0,0,0,0,0,0,0,0,0,0,0
"2015","MUNICIPIO",353690,19,0,0,0,19,0,5,3,2,9,8,11,0,0,0,0,0,0,0,0,0,0,0,0,0,0,0,0,0,0,0,0,0,0,0,0,0,0
"2015","MUNICIPIO",353700,95,0,0,5,90,2,15,24,17,32,48,47,7,0,2,2,0,1,0,2,0,0,0,0,0,0,0,0,0,0,0,0,0,0,0,0,0,0
"2015","MUNICIPIO",353710,311,0,0,16,295,7,70,95,46,77,177,134,17,0,5,3,2,1,0,4,0,0,1,0,2,0,0,0,1,1,1,1,0,0,0,0,0,0
"2015","MUNICIPIO",353715,27,0,0,2,25,1,8,7,3,6,19,8,0,0,0,0,0,0,0,0,0,0,0,0,0,0,0,0,0,0,0,0,0,0,0,0,0,0
"2015","MUNICIPIO",353720,76,0,0,9,67,1,10,23,9,24,53,23,4,0,1,1,0,0,0,1,0,0,0,0,1,0,0,0,1,0,1,1,0,0,0,1,0,0
"2015","MUNICIPIO",353730,504,0,0,30,474,22,84,145,75,148,272,232,14,0,5,3,2,2,0,3,0,0,0,0,1,0,0,0,1,0,1,1,0,0,0,0,0,0
"2015","MUNICIPIO",353740,205,0,0,18,187,9,30,82,16,50,120,85,13,0,4,4,0,1,0,4,0,0,0,0,0,0,0,0,0,0,0,0,0,0,0,0,0,0
"2015","MUNICIPIO",353750,58,0,0,4,54,2,7,14,6,25,32,26,1,0,2,1,1,0,0,1,0,0,1,0,0,0,0,0,0,0,0,0,0,0,0,0,0,0
"2015","MUNICIPIO",353760,589,0,0,48,541,22,89,201,77,152,359,229,17,0,6,3,3,8,0,4,0,0,2,0,0,0,0,0,0,0,0,0,0,0,0,0,0,0
"2015","MUNICIPIO",353770,34,0,0,2,32,1,4,12,4,11,15,19,0,0,3,3,0,0,0,2,0,0,0,0,0,0,0,0,0,0,0,0,0,0,0,0,0,0
"2015","MUNICIPIO",353780,432,0,0,27,405,10,66,124,65,140,258,174,17,0,10,9,1,4,0,5,0,0,1,0,0,0,0,0,0,0,0,0,0,0,0,0,0,0
"2015","MUNICIPIO",353790,213,0,0,15,198,3,50,52,13,80,119,94,3,0,5,2,3,2,0,5,0,0,0,0,0,0,0,0,0,0,0,0,0,0,0,0,0,0
"2015","MUNICIPIO",353800,998,0,0,77,921,22,178,325,128,268,529,469,54,0,13,12,1,7,1,10,0,0,3,0,1,1,0,0,0,0,1,0,0,1,0,0,0,0
"2015","MUNICIPIO",353810,144,0,0,12,132,4,21,43,22,42,88,56,4,0,0,0,0,0,0,0,0,0,0,0,0,0,0,0,0,0,0,0,0,0,0,0,0,0
"2015","MUNICIPIO",353820,99,0,0,5,94,2,18,30,24,20,56,43,4,0,0,0,0,0,0,0,0,0,0,0,1,0,0,0,1,0,1,1,0,0,0,1,0,0
"2015","MUNICIPIO",353830,24,0,0,1,23,0,7,5,3,8,12,12,0,0,1,0,1,0,0,1,0,0,0,0,1,0,0,0,0,1,0,0,0,0,0,0,0,0
"2015","MUNICIPIO",353850,137,0,0,9,128,7,21,47,22,31,76,61,6,0,1,1,0,0,0,1,0,0,0,0,0,0,0,0,0,0,0,0,0,0,0,0,0,0
"2015","MUNICIPIO",353860,221,0,0,12,209,4,60,73,31,41,128,93,4,0,5,5,0,1,0,4,0,0,1,0,0,0,0,0,0,0,0,0,0,0,0,0,0,0
"2015","MUNICIPIO",353870,2664,0,0,214,2450,108,537,478,339,988,1455,1209,106,0,54,37,17,13,0,41,4,0,9,0,2,0,0,0,0,2,0,0,0,0,0,0,0,0
"2015","MUNICIPIO",353880,243,0,0,19,224,0,52,69,31,72,130,113,6,0,0,0,0,3,0,0,0,0,0,0,0,0,0,0,0,0,0,0,0,0,0,0,0,0
"2015","MUNICIPIO",353890,229,0,0,11,218,13,30,45,52,78,133,96,9,0,5,5,0,1,0,5,0,0,0,0,1,0,0,0,0,1,0,0,0,0,0,0,0,0
"2015","MUNICIPIO",353900,96,0,0,5,91,6,15,24,17,29,42,54,4,0,1,0,1,0,0,1,0,0,0,0,1,0,0,0,1,0,1,1,0,0,0,0,0,0
"2015","MUNICIPIO",353910,92,0,0,7,85,5,7,41,10,22,58,33,5,0,1,1,0,1,0,0,0,0,0,0,0,0,0,0,0,0,0,0,0,0,0,0,0,0
"2015","MUNICIPIO",353920,196,0,0,8,188,5,50,61,23,49,110,86,11,0,4,3,1,0,1,3,0,0,1,0,1,1,0,0,0,0,1,1,0,0,0,0,0,0
"2015","MUNICIPIO",353930,585,0,0,28,557,24,121,162,102,148,268,317,18,0,4,3,1,1,0,4,0,0,0,0,2,0,1,0,0,1,1,1,0,0,0,0,1,0
"2015","MUNICIPIO",353940,96,0,0,5,91,2,21,20,18,30,44,52,5,0,1,1,0,0,0,1,0,0,0,0,0,0,0,0,0,0,0,0,0,0,0,0,0,0
"2015","MUNICIPIO",353950,229,0,0,26,203,11,32,76,36,48,139,90,14,0,2,2,0,0,0,2,0,0,0,0,1,0,0,0,1,0,1,1,0,0,0,0,0,1
"2015","MUNICIPIO",353960,34,0,0,3,31,1,6,7,1,16,20,14,0,0,2,1,1,0,0,2,0,0,0,0,0,0,0,0,0,0,0,0,0,0,0,0,0,0
"2015","MUNICIPIO",353970,28,0,0,1,27,1,7,5,5,9,20,8,0,0,0,0,0,0,0,0,0,0,0,0,0,0,0,0,0,0,0,0,0,0,0,0,0,0
"2015","MUNICIPIO",353980,669,0,0,48,621,23,106,187,78,227,346,323,36,0,11,7,4,11,0,8,0,0,3,0,1,0,0,0,1,0,1,1,0,0,1,0,0,0
"2015","MUNICIPIO",353990,42,0,0,5,37,0,8,10,10,9,23,19,1,0,0,0,0,0,0,0,0,0,0,0,0,0,0,0,0,0,0,0,0,0,0,0,0,0
"2015","MUNICIPIO",354000,162,0,0,12,150,8,27,43,19,53,89,73,3,0,3,2,1,0,0,3,0,0,0,0,0,0,0,0,0,0,0,0,0,0,0,0,0,0
"2015","MUNICIPIO",354010,32,0,0,0,32,0,4,10,8,10,19,13,1,0,2,1,1,0,1,2,0,0,0,0,1,1,0,0,0,0,1,0,0,1,0,0,0,0
"2015","MUNICIPIO",354020,201,0,0,28,173,10,31,47,27,58,115,85,10,0,6,4,2,0,0,3,0,0,2,0,2,0,1,0,1,0,2,1,0,0,1,0,0,0
"2015","MUNICIPIO",354025,33,0,0,3,30,0,5,11,5,9,18,15,2,0,0,0,0,0,0,0,0,0,0,0,0,0,0,0,0,0,0,0,0,0,0,0,0,0
"2015","MUNICIPIO",354030,23,0,0,1,22,1,6,5,2,8,9,14,1,0,0,0,0,0,0,0,0,0,0,0,0,0,0,0,0,0,0,0,0,0,0,0,0,0
"2015","MUNICIPIO",354040,42,0,0,3,39,1,7,9,8,14,22,20,3,0,0,0,0,0,0,0,0,0,0,0,0,0,0,0,0,0,0,0,0,0,0,0,0,0
"2015","MUNICIPIO",354050,75,0,0,8,67,3,15,23,5,21,47,28,2,0,0,0,0,0,1,0,0,0,0,0,1,1,0,0,0,0,1,0,0,0,1,0,0,0
"2015","MUNICIPIO",354060,376,0,0,39,337,12,57,116,60,92,206,170,18,0,6,4,2,1,0,4,0,0,2,0,0,0,0,0,0,0,0,0,0,0,0,0,0,0
"2015","MUNICIPIO",354070,409,0,0,36,373,20,72,112,66,103,220,188,17,0,3,2,1,1,0,2,0,0,1,0,1,0,0,0,0,1,0,0,0,0,0,0,0,0
"2015","MUNICIPIO",354075,133,0,0,9,124,4,27,37,18,38,83,50,7,0,3,2,1,0,0,2,0,0,0,0,0,0,0,0,0,0,0,0,0,0,0,0,0,0
"2015","MUNICIPIO",354080,144,0,0,17,127,4,32,40,24,27,84,60,0,0,4,1,3,0,0,4,0,0,0,0,0,0,0,0,0,0,0,0,0,0,0,0,0,0
"2015","MUNICIPIO",354085,19,0,0,1,18,0,1,8,2,7,11,8,1,0,0,0,0,0,0,0,0,0,0,0,0,0,0,0,0,0,0,0,0,0,0,0,0,0
"2015","MUNICIPIO",354090,91,0,0,12,79,4,21,25,8,21,52,39,8,0,1,1,0,0,0,1,0,0,0,0,0,0,0,0,0,0,0,0,0,0,0,0,0,0
"2015","MUNICIPIO",354100,2285,0,0,177,2108,97,395,786,300,530,1233,1052,110,0,55,31,24,22,1,38,0,0,17,0,5,1,1,0,2,1,4,2,0,1,1,1,0,0
"2015","MUNICIPIO",354105,27,0,0,1,26,0,7,7,3,9,15,12,1,0,1,1,0,0,0,1,0,0,0,0,0,0,0,0,0,0,0,0,0,0,0,0,0,0
"2015","MUNICIPIO",354110,36,0,0,3,33,3,8,10,4,8,20,16,2,0,0,0,0,0,0,0,0,0,0,0,1,0,0,0,1,0,1,1,0,0,1,0,0,0
"2015","MUNICIPIO",354120,117,0,0,3,114,1,15,48,8,42,62,55,2,0,0,0,0,0,0,0,0,0,0,0,0,0,0,0,0,0,0,0,0,0,0,0,0,0
"2015","MUNICIPIO",354130,310,0,0,23,287,6,56,82,38,105,191,119,15,0,6,6,0,0,0,3,0,0,3,0,0,0,0,0,0,0,0,0,0,0,0,0,0,0
"2015","MUNICIPIO",354140,1571,0,0,102,1469,84,312,448,203,422,827,744,68,0,12,9,3,6,2,10,0,0,1,0,6,2,0,0,4,0,6,4,0,1,0,0,0,1
"2015","MUNICIPIO",354150,326,0,0,21,305,13,74,66,43,109,180,146,10,0,7,5,2,1,0,4,0,0,2,0,0,0,0,0,0,0,0,0,0,0,0,0,0,0
"2015","MUNICIPIO",354160,245,0,0,12,233,6,44,51,32,100,149,96,4,0,4,3,1,0,0,3,0,0,1,0,0,0,0,0,0,0,0,0,0,0,0,0,0,0
"2015","MUNICIPIO",354165,25,0,0,6,19,1,1,2,5,10,17,8,0,0,0,0,0,0,0,0,0,0,0,0,0,0,0,0,0,0,0,0,0,0,0,0,0,0
"2015","MUNICIPIO",354170,84,0,0,3,81,1,10,27,14,29,37,47,2,0,2,2,0,0,0,1,0,0,1,0,0,0,0,0,0,0,0,0,0,0,0,0,0,0
"2015","MUNICIPIO",354180,30,0,0,5,25,0,4,8,0,13,14,16,3,0,0,0,0,0,0,0,0,0,0,0,0,0,0,0,0,0,0,0,0,0,0,0,0,0
"2015","MUNICIPIO",354190,79,0,0,3,76,5,15,30,10,16,46,33,0,0,2,2,0,1,0,2,0,0,0,0,0,0,0,0,0,0,0,0,0,0,0,0,0,0
"2015","MUNICIPIO",354200,48,0,0,2,46,0,13,10,9,14,29,19,0,0,1,0,1,1,0,0,0,0,0,0,0,0,0,0,0,0,0,0,0,0,0,0,0,0
"2015","MUNICIPIO",354210,48,0,0,3,45,3,9,10,8,15,27,21,3,0,1,1,0,0,0,1,0,0,0,0,0,0,0,0,0,0,0,0,0,0,0,0,0,0
"2015","MUNICIPIO",354220,254,0,0,18,236,15,39,78,38,66,124,130,11,0,4,3,1,1,0,4,0,0,0,0,0,0,0,0,0,0,0,0,0,0,0,0,0,0
"2015","MUNICIPIO",354230,29,0,0,2,27,1,3,15,2,6,19,9,0,0,0,0,0,0,0,0,0,0,0,0,0,0,0,0,0,0,0,0,0,0,0,0,0,0
"2015","MUNICIPIO",354240,142,0,0,14,128,7,24,35,17,45,76,66,5,0,4,3,1,0,0,3,0,0,0,0,0,0,0,0,0,0,0,0,0,0,0,0,0,0
"2015","MUNICIPIO",354250,37,0,0,3,34,1,6,10,6,11,17,20,0,0,0,0,0,0,0,0,0,0,0,0,0,0,0,0,0,0,0,0,0,0,0,0,0,0
"2015","MUNICIPIO",354260,396,0,0,39,357,10,66,105,75,101,223,173,23,0,6,3,3,4,1,4,0,0,2,0,2,1,0,0,0,1,1,1,0,0,0,0,0,1
"2015","MUNICIPIO",354270,42,0,0,3,39,2,6,14,4,13,23,19,2,0,0,0,0,2,0,0,0,0,0,0,0,0,0,0,0,0,0,0,0,0,0,0,0,0
"2015","MUNICIPIO",354280,29,0,0,1,28,0,2,15,5,6,18,11,1,0,0,0,0,0,0,0,0,0,0,0,0,0,0,0,0,0,0,0,0,0,0,0,0,0
"2015","MUNICIPIO",354290,79,0,0,8,71,0,18,27,9,17,49,30,2,0,1,1,0,1,0,1,0,0,0,0,0,0,0,0,0,0,0,0,0,0,0,0,0,0
"2015","MUNICIPIO",354300,139,0,0,12,127,3,15,46,17,46,86,53,8,0,6,6,0,0,0,3,0,0,0,0,1,0,0,0,1,0,1,1,0,0,1,0,0,0
"2015","MUNICIPIO",354310,24,0,0,0,24,0,3,8,5,8,11,13,3,0,1,1,0,0,0,1,0,0,0,0,0,0,0,0,0,0,0,0,0,0,0,0,0,0
"2015","MUNICIPIO",354320,38,0,0,3,35,3,6,11,6,9,19,19,3,0,1,1,0,0,0,1,0,0,0,0,0,0,0,0,0,0,0,0,0,0,0,0,0,0
"2015","MUNICIPIO",354323,23,0,0,2,21,1,3,6,3,8,13,10,0,0,0,0,0,0,0,0,0,0,0,0,0,0,0,0,0,0,0,0,0,0,0,0,0,0
"2015","MUNICIPIO",354325,53,0,0,5,48,2,6,12,14,14,34,19,2,0,0,0,0,1,0,0,0,0,0,0,0,0,0,0,0,0,0,0,0,0,0,0,0,0
"2015","MUNICIPIO",354330,680,0,0,54,626,21,116,240,100,149,382,298,33,0,12,9,3,4,0,9,0,0,3,0,2,0,0,0,1,1,1,1,0,1,0,0,0,0
"2015","MUNICIPIO",354340,4225,0,0,464,3761,174,961,1286,332,1008,2232,1992,148,0,63,45,18,20,2,48,2,1,10,0,5,2,0,0,2,1,4,4,1,0,0,1,0,0
"2015","MUNICIPIO",354350,53,0,0,1,52,0,8,15,11,18,31,22,3,0,1,0,1,0,0,0,0,0,1,0,0,0,0,0,0,0,0,0,0,0,0,0,0,0
"2015","MUNICIPIO",354360,35,0,0,3,32,1,4,11,6,10,21,14,3,0,0,0,0,0,0,0,0,0,0,0,0,0,0,0,0,0,0,0,0,0,0,0,0,0
"2015","MUNICIPIO",354370,64,0,0,5,59,1,12,17,13,16,37,27,1,0,0,0,0,0,0,0,0,0,0,0,0,0,0,0,0,0,0,0,0,0,0,0,0,0
"2015","MUNICIPIO",354380,96,0,0,7,89,0,10,36,16,27,58,38,4,0,1,1,0,0,0,1,0,0,0,0,1,0,1,0,0,0,1,1,0,1,0,0,0,0
"2015","MUNICIPIO",354390,1506,0,0,75,1431,66,266,475,172,452,794,712,57,0,14,11,3,4,2,14,0,0,0,0,4,2,1,0,1,0,4,4,0,0,0,2,0,1
"2015","MUNICIPIO",354400,172,0,0,14,158,7,31,34,27,59,97,75,8,0,6,6,0,0,0,5,1,0,0,0,0,0,0,0,0,0,0,0,0,0,0,0,0,0
"2015","MUNICIPIO",354410,264,0,0,25,239,15,42,113,22,47,153,111,22,0,4,4,0,2,2,1,0,0,3,0,3,2,1,0,0,0,3,3,0,0,2,1,0,0
"2015","MUNICIPIO",354420,55,0,0,5,50,1,6,18,8,17,30,25,3,0,0,0,0,0,0,0,0,0,0,0,0,0,0,0,0,0,0,0,0,0,0,0,0,0
"2015","MUNICIPIO",354425,109,0,0,12,97,3,14,34,12,34,74,35,4,0,1,1,0,1,0,0,0,0,1,0,0,0,0,0,0,0,0,0,0,0,0,0,0,0
"2015","MUNICIPIO",354430,81,0,0,6,75,5,12,25,13,20,49,32,4,0,1,1,0,0,0,1,0,0,0,0,0,0,0,0,0,0,0,0,0,0,0,0,0,0
"2015","MUNICIPIO",354440,19,0,0,0,19,1,4,6,2,6,15,4,1,0,0,0,0,0,0,0,0,0,0,0,0,0,0,0,0,0,0,0,0,0,0,0,0,0
"2015","MUNICIPIO",354450,30,0,0,6,24,4,2,6,5,7,16,14,1,0,0,0,0,0,0,0,0,0,0,0,0,0,0,0,0,0,0,0,0,0,0,0,0,0
"2015","MUNICIPIO",354460,41,0,0,2,39,1,8,11,8,11,24,17,2,0,0,0,0,0,0,0,0,0,0,0,1,0,0,0,0,1,0,0,0,0,0,0,0,0
"2015","MUNICIPIO",354470,12,0,0,0,12,0,1,5,2,4,8,4,0,0,0,0,0,0,0,0,0,0,0,0,0,0,0,0,0,0,0,0,0,0,0,0,0,0
"2015","MUNICIPIO",354480,59,0,0,2,57,4,6,15,13,19,30,29,1,0,0,0,0,0,0,0,0,0,0,0,0,0,0,0,0,0,0,0,0,0,0,0,0,0
"2015","MUNICIPIO",354490,68,0,0,10,58,0,12,21,8,17,37,31,1,0,0,0,0,1,0,0,0,0,0,0,0,0,0,0,0,0,0,0,0,0,0,0,0,0
"2015","MUNICIPIO",354500,127,0,0,12,115,1,19,50,13,32,68,59,2,0,3,3,0,2,0,1,0,0,2,0,0,0,0,0,0,0,0,0,0,0,0,0,0,0
"2015","MUNICIPIO",354510,38,0,0,6,32,3,5,7,6,11,21,17,3,0,1,1,0,1,0,1,0,0,0,0,0,0,0,0,0,0,0,0,0,0,0,0,0,0
"2015","MUNICIPIO",354515,43,0,0,4,39,3,6,10,11,9,31,12,1,0,0,0,0,0,0,0,0,0,0,0,0,0,0,0,0,0,0,0,0,0,0,0,0,0
"2015","MUNICIPIO",354520,747,0,0,38,709,28,146,169,111,255,430,317,28,0,12,8,4,10,1,8,0,0,2,0,2,1,0,0,1,0,2,1,0,1,0,0,0,0
"2015","MUNICIPIO",354530,316,0,0,25,291,9,49,61,47,125,170,146,23,0,5,5,0,2,0,3,0,0,1,0,0,0,0,0,0,0,0,0,0,0,0,0,0,0
"2015","MUNICIPIO",354540,89,0,0,13,76,3,11,27,7,28,44,45,4,0,0,0,0,0,0,0,0,0,0,0,0,0,0,0,0,0,0,0,0,0,0,0,0,0
"2015","MUNICIPIO",354550,32,0,0,2,30,2,6,7,5,10,19,13,2,0,0,0,0,1,0,0,0,0,0,0,0,0,0,0,0,0,0,0,0,0,0,0,0,0
"2015","MUNICIPIO",354560,136,0,0,12,124,5,18,43,19,39,77,59,5,0,2,1,1,0,0,2,0,0,0,0,0,0,0,0,0,0,0,0,0,0,0,0,0,0
"2015","MUNICIPIO",354570,47,0,0,2,45,3,7,10,9,16,25,22,1,0,0,0,0,0,0,0,0,0,0,0,0,0,0,0,0,0,0,0,0,0,0,0,0,0
"2015","MUNICIPIO",354580,1220,0,0,97,1123,45,193,321,160,404,693,527,54,0,15,10,5,5,0,12,0,0,3,0,0,0,0,0,0,0,0,0,0,0,0,0,0,0
"2015","MUNICIPIO",354600,120,0,0,10,110,7,15,39,16,33,71,49,5,0,2,2,0,2,0,2,0,0,0,0,0,0,0,0,0,0,0,0,0,0,0,0,0,0
"2015","MUNICIPIO",354610,15,0,0,1,14,0,4,6,1,3,7,8,0,0,0,0,0,0,0,0,0,0,0,0,0,0,0,0,0,0,0,0,0,0,0,0,0,0
"2015","MUNICIPIO",354620,21,0,0,3,18,0,2,3,3,10,9,12,2,0,0,0,0,0,0,0,0,0,0,0,0,0,0,0,0,0,0,0,0,0,0,0,0,0
"2015","MUNICIPIO",354625,11,0,0,0,11,0,1,4,1,5,8,3,0,0,0,0,0,0,0,0,0,0,0,0,0,0,0,0,0,0,0,0,0,0,0,0,0,0
"2015","MUNICIPIO",354630,207,0,0,12,195,5,39,53,21,77,113,93,8,0,7,4,3,0,0,5,0,0,2,0,0,0,0,0,0,0,0,0,0,0,0,0,0,0
"2015","MUNICIPIO",354640,365,0,0,30,335,14,53,89,40,139,208,157,10,0,6,3,3,3,0,6,0,0,0,0,1,0,0,0,1,0,1,1,0,0,0,1,0,0
"2015","MUNICIPIO",354650,44,0,0,6,38,2,7,12,4,13,25,19,1,0,1,1,0,1,0,1,0,0,0,0,0,0,0,0,0,0,0,0,0,0,0,0,0,0
"2015","MUNICIPIO",354660,293,0,0,24,269,15,38,69,52,95,163,130,8,0,5,3,2,0,0,5,0,0,0,0,0,0,0,0,0,0,0,0,0,0,0,0,0,0
"2015","MUNICIPIO",354670,109,0,0,9,100,6,24,26,12,32,65,44,5,0,2,2,0,1,0,2,0,0,0,0,1,0,0,0,0,1,0,0,0,0,0,0,0,0
"2015","MUNICIPIO",354680,348,0,0,32,316,8,45,129,53,81,187,161,14,0,8,7,1,0,0,4,0,0,4,0,0,0,0,0,0,0,0,0,0,0,0,0,0,0
"2015","MUNICIPIO",354690,64,0,0,5,59,1,10,20,8,20,36,28,5,0,0,0,0,0,0,0,0,0,0,0,0,0,0,0,0,0,0,0,0,0,0,0,0,0
"2015","MUNICIPIO",354700,32,0,0,5,27,0,5,10,2,10,17,15,2,0,0,0,0,0,0,0,0,0,0,0,0,0,0,0,0,0,0,0,0,0,0,0,0,0
"2015","MUNICIPIO",354710,38,0,0,4,34,2,5,7,6,14,21,17,1,0,1,1,0,0,0,1,0,0,0,0,0,0,0,0,0,0,0,0,0,0,0,0,0,0
"2015","MUNICIPIO",354720,14,0,0,2,12,1,1,4,5,1,6,8,0,0,0,0,0,1,0,0,0,0,0,0,0,0,0,0,0,0,0,0,0,0,0,0,0,0
"2015","MUNICIPIO",354730,516,0,0,42,474,22,110,152,61,129,281,235,34,0,14,8,6,6,0,10,0,0,3,0,3,0,0,0,1,2,1,1,0,1,0,0,0,0
"2015","MUNICIPIO",354740,25,0,0,4,21,1,2,5,3,10,17,8,1,0,0,0,0,0,0,0,0,0,0,0,0,0,0,0,0,0,0,0,0,0,0,0,0,0
"2015","MUNICIPIO",354750,259,0,0,7,252,11,36,76,53,76,144,115,7,0,1,1,0,0,0,1,0,0,0,0,0,0,0,0,0,0,0,0,0,0,0,0,0,0
"2015","MUNICIPIO",354760,184,0,0,9,175,5,36,36,29,69,103,81,5,0,2,2,0,0,0,2,0,0,0,0,0,0,0,0,0,0,0,0,0,0,0,0,0,0
"2015","MUNICIPIO",354765,10,0,0,0,10,0,3,3,0,4,6,4,0,0,0,0,0,0,0,0,0,0,0,0,0,0,0,0,0,0,0,0,0,0,0,0,0,0
"2015","MUNICIPIO",354770,184,0,0,11,173,5,34,39,19,76,97,87,5,0,1,0,1,0,0,1,0,0,0,0,0,0,0,0,0,0,0,0,0,0,0,0,0,0
"2015","MUNICIPIO",354780,5229,0,0,358,4871,171,1047,1730,710,1213,2791,2434,208,0,61,41,20,34,5,43,1,0,10,0,13,5,1,0,4,3,10,7,0,1,3,4,1,1
"2015","MUNICIPIO",354790,56,0,0,4,52,7,8,12,9,16,34,22,2,0,0,0,0,1,0,0,0,0,0,0,0,0,0,0,0,0,0,0,0,0,0,0,0,0
"2015","MUNICIPIO",354800,172,0,0,30,142,6,32,43,17,44,100,72,10,0,2,2,0,0,0,2,0,0,0,0,0,0,0,0,0,0,0,0,0,0,0,0,0,0
"2015","MUNICIPIO",354805,61,0,0,4,57,4,6,24,5,18,35,26,2,0,1,1,0,0,0,1,0,0,0,0,0,0,0,0,0,0,0,0,0,0,0,0,0,0
"2015","MUNICIPIO",354810,43,0,0,2,41,0,12,15,4,10,22,21,2,0,0,0,0,0,0,0,0,0,0,0,0,0,0,0,0,0,0,0,0,0,0,0,0,0
"2015","MUNICIPIO",354820,47,0,0,3,44,2,8,12,4,18,27,20,3,0,0,0,0,0,0,0,0,0,0,0,0,0,0,0,0,0,0,0,0,0,0,0,0,0
"2015","MUNICIPIO",354830,24,0,0,2,22,2,4,10,2,4,15,9,1,0,0,0,0,0,0,0,0,0,0,0,0,0,0,0,0,0,0,0,0,0,0,0,0,0
"2015","MUNICIPIO",354840,23,0,0,1,22,1,6,3,3,9,15,8,2,0,1,1,0,0,1,0,1,0,0,0,1,1,0,0,0,0,1,0,0,0,0,0,0,0
"2015","MUNICIPIO",354850,4115,0,0,206,3909,158,845,1364,552,990,2035,2080,119,0,41,25,16,11,4,32,1,0,5,0,8,4,1,0,2,1,7,4,0,0,4,2,0,1
"2015","MUNICIPIO",354860,70,0,0,5,65,1,10,32,6,16,36,34,2,0,0,0,0,0,0,0,0,0,0,0,0,0,0,0,0,0,0,0,0,0,0,0,0,0
"2015","MUNICIPIO",354870,4087,0,0,360,3727,155,843,1293,632,804,2248,1839,204,0,62,44,18,33,2,39,3,0,15,0,9,2,0,0,3,4,5,4,0,0,1,3,0,1
"2015","MUNICIPIO",354880,1441,0,0,53,1388,57,327,436,222,346,709,732,26,0,9,6,3,6,0,8,0,0,1,0,1,0,0,0,1,0,1,1,0,0,0,1,0,0
"2015","MUNICIPIO",354890,1699,0,0,128,1571,57,341,488,224,461,894,803,72,0,24,20,4,8,0,18,1,0,1,0,3,0,0,0,3,0,3,3,0,0,0,1,1,0
"2015","MUNICIPIO",354900,29,0,0,2,27,0,5,7,4,11,14,15,1,0,0,0,0,0,0,0,0,0,0,0,0,0,0,0,0,0,0,0,0,0,0,0,0,0
"2015","MUNICIPIO",354910,762,0,0,45,717,29,118,213,102,255,444,317,30,0,11,8,3,4,1,10,0,0,0,0,1,1,0,0,0,0,1,1,0,0,0,1,0,0
"2015","MUNICIPIO",354920,18,0,0,1,17,2,5,5,0,5,10,8,1,0,0,0,0,0,1,0,0,0,0,0,1,1,0,0,0,0,1,1,0,0,0,0,0,0
"2015","MUNICIPIO",354925,14,0,0,0,14,0,2,4,3,5,5,9,0,0,0,0,0,0,0,0,0,0,0,0,0,0,0,0,0,0,0,0,0,0,0,0,0,0
"2015","MUNICIPIO",354930,25,0,0,0,25,1,5,9,1,9,8,17,2,0,0,0,0,0,0,0,0,0,0,0,0,0,0,0,0,0,0,0,0,0,0,0,0,0
"2015","MUNICIPIO",354940,338,0,0,9,329,12,50,87,71,109,171,167,10,0,3,2,1,1,0,3,0,0,0,0,1,0,0,0,1,0,1,1,0,0,0,0,0,1
"2015","MUNICIPIO",354950,59,0,0,7,52,2,8,13,6,23,38,21,4,0,0,0,0,1,0,0,0,0,0,0,0,0,0,0,0,0,0,0,0,0,0,0,0,0
"2015","MUNICIPIO",354960,37,0,0,0,37,0,4,10,6,17,20,17,1,0,1,1,0,0,0,1,0,0,0,0,0,0,0,0,0,0,0,0,0,0,0,0,0,0
"2015","MUNICIPIO",354970,421,0,0,19,402,7,62,145,80,108,227,194,8,0,5,3,2,2,1,4,0,0,0,0,1,1,0,0,0,0,1,0,0,0,0,1,0,0
"2015","MUNICIPIO",354980,3048,0,0,223,2825,160,569,893,558,645,1654,1394,102,0,32,28,4,10,1,30,0,1,0,0,5,1,0,0,2,2,3,3,0,0,0,1,0,0
"2015","MUNICIPIO",354990,3743,0,0,311,3432,190,809,849,473,1111,2047,1695,174,0,85,67,18,38,0,52,0,0,11,0,1,0,0,0,0,1,0,0,0,0,0,0,0,0
"2015","MUNICIPIO",354995,107,0,0,14,93,4,19,30,14,26,59,48,6,0,2,2,0,2,0,2,0,0,0,0,0,0,0,0,0,0,0,0,0,0,0,0,0,0
"2015","MUNICIPIO",355000,78,0,0,4,74,2,14,27,14,17,40,38,5,0,0,0,0,0,0,0,0,0,0,0,0,0,0,0,0,0,0,0,0,0,0,0,0,0
"2015","MUNICIPIO",355010,277,0,0,17,260,3,54,97,29,77,158,119,13,0,6,3,3,1,0,4,0,0,2,0,0,0,0,0,0,0,0,0,0,0,0,0,0,0
"2015","MUNICIPIO",355020,190,0,0,16,174,5,32,43,24,70,116,74,4,0,2,2,0,3,0,2,0,0,0,0,1,0,0,0,1,0,1,1,0,0,0,1,0,0
"2015","MUNICIPIO",355030,75368,0,0,6074,69294,2694,15504,23982,10372,16742,39264,36100,3423,0,1324,948,376,590,19,821,49,8,386,2,152,19,1,2,73,57,95,92,0,9,24,38,5,13
"2015","MUNICIPIO",355040,270,0,0,17,253,8,61,63,38,83,132,138,17,0,5,4,1,1,0,5,0,0,0,0,1,0,0,0,1,0,1,1,0,0,0,1,0,0
"2015","MUNICIPIO",355050,45,0,0,7,38,4,6,11,7,10,25,20,4,0,0,0,0,0,0,0,0,0,0,0,0,0,0,0,0,0,0,0,0,0,0,0,0,0
"2015","MUNICIPIO",355060,580,0,0,44,536,24,120,180,68,144,322,258,29,0,9,6,3,2,0,8,0,0,0,0,0,0,0,0,0,0,0,0,0,0,0,0,0,0
"2015","MUNICIPIO",355070,434,0,0,63,371,18,82,88,58,125,238,196,28,0,5,4,1,3,1,2,0,0,2,0,1,1,0,0,0,0,1,1,0,0,0,0,0,0
"2015","MUNICIPIO",355080,101,0,0,1,100,1,15,28,21,35,54,47,2,0,0,0,0,2,0,0,0,0,0,0,0,0,0,0,0,0,0,0,0,0,0,0,0,0
"2015","MUNICIPIO",355090,132,0,0,8,124,3,30,31,18,42,74,58,4,0,2,2,0,0,0,1,0,0,1,0,0,0,0,0,0,0,0,0,0,0,0,0,0,0
"2015","MUNICIPIO",355100,2388,0,0,184,2204,111,443,825,267,558,1267,1121,118,0,55,39,16,19,5,37,0,0,15,0,10,5,1,0,3,1,9,6,1,1,3,2,1,0
"2015","MUNICIPIO",355110,80,0,0,9,71,5,10,21,11,24,48,32,0,0,1,1,0,1,0,1,0,0,0,0,0,0,0,0,0,0,0,0,0,0,0,0,0,0
"2015","MUNICIPIO",355120,39,0,0,4,35,0,5,17,5,8,21,18,1,0,0,0,0,0,0,0,0,0,0,0,0,0,0,0,0,0,0,0,0,0,0,0,0,0
"2015","MUNICIPIO",355130,26,0,0,2,24,1,8,6,3,6,17,9,0,0,0,0,0,0,0,0,0,0,0,0,0,0,0,0,0,0,0,0,0,0,0,0,0,0
"2015","MUNICIPIO",355140,86,0,0,13,73,6,10,21,19,17,59,27,5,0,2,2,0,0,0,1,0,0,0,0,1,0,1,0,0,0,1,1,0,0,0,0,0,0
"2015","MUNICIPIO",355150,231,0,0,21,210,6,42,75,32,55,134,96,13,0,5,4,1,0,0,3,1,0,1,0,0,0,0,0,0,0,0,0,0,0,0,0,0,0
"2015","MUNICIPIO",355160,228,0,0,6,222,6,53,75,23,65,131,97,3,0,3,2,1,0,0,3,0,0,0,0,0,0,0,0,0,0,0,0,0,0,0,0,0,0
"2015","MUNICIPIO",355170,716,0,0,59,657,38,135,201,109,174,383,333,47,0,12,6,6,6,1,10,0,0,1,0,1,1,0,0,0,0,1,1,0,0,0,0,0,0
"2015","MUNICIPIO",355180,109,0,0,14,95,2,9,38,8,38,74,35,7,0,0,0,0,0,0,0,0,0,0,0,0,0,0,0,0,0,0,0,0,0,0,0,0,0
"2015","MUNICIPIO",355190,100,0,0,11,89,2,20,23,23,21,57,43,9,0,0,0,0,1,0,0,0,0,0,0,0,0,0,0,0,0,0,0,0,0,0,0,0,0
"2015","MUNICIPIO",355200,51,0,0,4,47,2,9,11,5,20,33,18,3,0,0,0,0,0,0,0,0,0,0,0,0,0,0,0,0,0,0,0,0,0,0,0,0,0
"2015","MUNICIPIO",355210,322,0,0,26,296,3,68,103,37,85,185,137,9,0,3,1,2,2,0,3,0,0,0,0,0,0,0,0,0,0,0,0,0,0,0,0,0,0
"2015","MUNICIPIO",355220,4279,0,0,312,3967,198,722,1115,634,1298,2309,1970,182,0,76,54,22,22,2,61,2,0,9,0,7,2,0,0,4,1,6,5,0,0,1,1,0,0
"2015","MUNICIPIO",355230,66,0,0,8,58,1,14,24,7,12,36,30,2,0,3,3,0,0,0,0,0,0,3,0,0,0,0,0,0,0,0,0,0,0,0,0,0,0
"2015","MUNICIPIO",355240,1340,0,0,137,1203,61,272,277,191,402,734,606,84,0,13,9,4,11,1,7,2,0,4,0,3,1,0,0,1,1,2,2,0,0,0,0,0,0
"2015","MUNICIPIO",355250,1678,0,0,166,1512,47,301,440,202,522,920,758,100,0,29,22,7,11,2,18,1,0,8,0,7,2,1,0,1,3,4,4,0,0,2,1,1,0
"2015","MUNICIPIO",355255,26,0,0,4,22,1,3,8,1,9,19,7,0,0,0,0,0,0,0,0,0,0,0,0,0,0,0,0,0,0,0,0,0,0,0,0,0,0
"2015","MUNICIPIO",355260,108,0,0,7,101,6,17,33,14,31,53,55,2,0,2,1,1,0,0,2,0,0,0,0,0,0,0,0,0,0,0,0,0,0,0,0,0,0
"2015","MUNICIPIO",355270,127,0,0,11,116,3,19,48,20,26,74,53,6,0,4,3,1,0,0,3,0,0,1,0,1,0,0,0,0,1,0,0,0,0,0,0,0,0
"2015","MUNICIPIO",355280,1502,0,0,170,1332,55,277,511,156,333,815,687,95,0,44,33,11,15,2,21,3,0,16,0,4,2,0,0,1,1,3,3,0,1,1,1,0,0
"2015","MUNICIPIO",355290,43,0,0,2,41,1,6,17,3,14,27,16,5,0,0,0,0,0,0,0,0,0,0,0,0,0,0,0,0,0,0,0,0,0,0,0,0,0
"2015","MUNICIPIO",355300,84,0,0,13,71,2,15,17,7,30,52,32,3,0,3,3,0,0,0,2,0,0,1,0,0,0,0,0,0,0,0,0,0,0,0,0,0,0
"2015","MUNICIPIO",355310,48,0,0,4,44,1,8,10,14,11,26,22,4,0,1,1,0,0,0,0,0,0,1,0,0,0,0,0,0,0,0,0,0,0,0,0,0,0
"2015","MUNICIPIO",355320,44,0,0,4,40,1,9,16,9,5,30,14,2,0,0,0,0,0,0,0,0,0,0,0,0,0,0,0,0,0,0,0,0,0,0,0,0,0
"2015","MUNICIPIO",355330,184,0,0,15,169,7,30,34,28,70,109,75,9,0,2,2,0,1,0,2,0,0,0,0,0,0,0,0,0,0,0,0,0,0,0,0,0,0
"2015","MUNICIPIO",355340,191,0,0,17,174,4,37,56,29,48,108,83,7,0,3,3,0,1,0,2,0,0,0,0,0,0,0,0,0,0,0,0,0,0,0,0,0,0
"2015","MUNICIPIO",355350,52,0,0,5,47,2,6,11,3,25,37,15,3,0,0,0,0,1,0,0,0,0,0,0,0,0,0,0,0,0,0,0,0,0,0,0,0,0
"2015","MUNICIPIO",355360,109,0,0,4,105,0,12,37,16,40,62,47,9,0,1,1,0,1,0,1,0,0,0,0,0,0,0,0,0,0,0,0,0,0,0,0,0,0
"2015","MUNICIPIO",355365,24,0,0,0,24,3,4,8,1,8,15,9,1,0,1,0,1,0,0,1,0,0,0,0,0,0,0,0,0,0,0,0,0,0,0,0,0,0
"2015","MUNICIPIO",355370,489,0,0,41,448,21,84,140,67,136,265,224,21,0,13,13,0,1,0,11,0,0,2,0,1,0,0,0,1,0,1,1,0,0,0,1,0,0
"2015","MUNICIPIO",355380,220,0,0,19,201,15,25,63,16,82,134,86,10,0,3,3,0,0,0,3,0,0,0,0,0,0,0,0,0,0,0,0,0,0,0,0,0,0
"2015","MUNICIPIO",355385,33,0,0,4,29,0,6,10,6,7,13,20,3,0,0,0,0,0,0,0,0,0,0,0,1,0,1,0,0,0,1,1,0,1,0,0,0,0
"2015","MUNICIPIO",355390,58,0,0,4,54,2,10,17,5,20,29,29,2,0,1,1,0,0,0,0,0,0,0,0,0,0,0,0,0,0,0,0,0,0,0,0,0,0
"2015","MUNICIPIO",355395,77,0,0,10,67,4,12,24,7,20,36,41,5,0,2,2,0,1,0,2,0,0,0,0,0,0,0,0,0,0,0,0,0,0,0,0,0,0
"2015","MUNICIPIO",355400,859,0,0,62,797,42,161,252,149,193,491,368,34,0,18,14,4,4,0,14,0,0,0,0,0,0,0,0,0,0,0,0,0,0,0,0,0,0
"2015","MUNICIPIO",355410,1921,0,0,186,1735,59,406,526,308,436,1075,844,70,0,27,23,4,11,1,19,0,0,2,0,5,1,0,1,2,1,4,2,0,0,0,0,0,1
"2015","MUNICIPIO",355420,28,0,0,1,27,1,4,9,3,10,15,13,2,0,1,1,0,0,0,1,0,0,0,0,0,0,0,0,0,0,0,0,0,0,0,0,0,0
"2015","MUNICIPIO",355430,131,0,0,9,122,7,21,44,14,36,80,51,10,0,2,1,1,1,0,1,0,0,0,0,0,0,0,0,0,0,0,0,0,0,0,0,0,0
"2015","MUNICIPIO",355440,74,0,0,2,72,6,12,15,9,30,48,26,3,0,1,1,0,0,0,1,0,0,0,0,0,0,0,0,0,0,0,0,0,0,0,0,0,0
"2015","MUNICIPIO",355450,271,0,0,26,245,6,48,70,25,96,153,118,9,0,1,1,0,3,1,1,0,0,0,0,2,1,0,0,1,0,2,2,1,0,0,1,0,0
"2015","MUNICIPIO",355460,29,0,0,3,26,0,4,10,5,7,19,10,0,0,0,0,0,0,0,0,0,0,0,0,0,0,0,0,0,0,0,0,0,0,0,0,0,0
"2015","MUNICIPIO",355465,20,0,0,1,19,0,2,7,1,9,11,9,0,0,0,0,0,1,0,0,0,0,0,0,0,0,0,0,0,0,0,0,0,0,0,0,0,0
"2015","MUNICIPIO",355470,67,0,0,2,65,2,6,18,17,22,34,33,2,0,0,0,0,0,0,0,0,0,0,0,0,0,0,0,0,0,0,0,0,0,0,0,0,0
"2015","MUNICIPIO",355475,15,0,0,3,12,1,0,2,2,7,10,5,1,0,2,2,0,0,0,1,0,0,1,0,0,0,0,0,0,0,0,0,0,0,0,0,0,0
"2015","MUNICIPIO",355480,259,0,0,24,235,9,60,66,33,67,138,121,18,0,7,4,3,2,0,5,0,0,2,0,0,0,0,0,0,0,0,0,0,0,0,0,0,0
"2015","MUNICIPIO",355490,65,0,0,5,60,1,8,20,8,23,34,31,5,0,0,0,0,0,0,0,0,0,0,0,1,0,0,0,1,0,1,1,0,0,0,1,0,0
"2015","MUNICIPIO",355495,59,0,0,5,54,1,8,19,10,16,38,21,1,0,0,0,0,0,0,0,0,0,0,0,0,0,0,0,0,0,0,0,0,0,0,0,0,0
"2015","MUNICIPIO",355500,607,0,0,34,573,19,121,184,87,162,332,275,23,0,7,6,1,1,0,6,0,0,1,0,2,0,0,0,2,0,2,2,0,2,0,0,0,0
"2015","MUNICIPIO",355510,137,0,0,9,128,9,32,24,21,42,72,65,8,0,3,3,0,0,0,2,0,0,0,0,0,0,0,0,0,0,0,0,0,0,0,0,0,0
"2015","MUNICIPIO",355520,11,0,0,0,11,0,3,4,0,4,7,4,0,0,1,1,0,0,0,1,0,0,0,0,0,0,0,0,0,0,0,0,0,0,0,0,0,0
"2015","MUNICIPIO",355530,15,0,0,1,14,0,2,5,3,4,10,5,0,0,0,0,0,0,0,0,0,0,0,0,0,0,0,0,0,0,0,0,0,0,0,0,0,0
"2015","MUNICIPIO",355535,45,0,0,9,36,5,6,6,6,13,26,19,3,0,1,1,0,0,0,1,0,0,0,0,0,0,0,0,0,0,0,0,0,0,0,0,0,0
"2015","MUNICIPIO",355540,545,0,0,63,482,25,107,128,39,183,316,227,30,0,11,10,1,4,0,6,0,0,3,0,2,0,1,0,1,0,2,2,0,0,0,1,1,0
"2015","MUNICIPIO",355550,34,0,0,0,34,2,7,10,4,11,13,21,4,0,1,1,0,0,0,1,0,0,0,0,0,0,0,0,0,0,0,0,0,0,0,0,0,0
"2015","MUNICIPIO",355560,85,0,0,7,78,5,20,17,15,21,40,45,4,0,1,1,0,0,0,1,0,0,0,0,0,0,0,0,0,0,0,0,0,0,0,0,0,0
"2015","MUNICIPIO",355570,18,0,0,2,16,0,6,3,2,5,12,6,2,0,2,1,1,0,0,2,0,0,0,0,0,0,0,0,0,0,0,0,0,0,0,0,0,0
"2015","MUNICIPIO",355580,82,0,0,6,76,5,15,21,14,21,45,37,2,0,1,1,0,0,0,1,0,0,0,0,0,0,0,0,0,0,0,0,0,0,0,0,0,0
"2015","MUNICIPIO",355590,8,0,0,0,8,0,1,0,1,6,3,5,0,0,0,0,0,0,0,0,0,0,0,0,0,0,0,0,0,0,0,0,0,0,0,0,0,0
"2015","MUNICIPIO",355600,111,0,0,8,103,2,22,35,16,28,57,54,3,0,0,0,0,0,0,0,0,0,0,0,0,0,0,0,0,0,0,0,0,0,0,0,0,0
"2015","MUNICIPIO",355610,80,0,0,5,75,4,13,29,9,20,43,37,4,0,1,1,0,0,0,1,0,0,0,0,0,0,0,0,0,0,0,0,0,0,0,0,0,0
"2015","MUNICIPIO",355620,701,0,0,40,661,28,117,190,149,177,377,324,26,0,8,6,2,1,0,7,0,0,1,0,0,0,0,0,0,0,0,0,0,0,0,0,0,0
"2015","MUNICIPIO",355630,144,0,0,15,129,5,26,33,15,50,86,58,5,0,3,2,1,4,0,3,0,0,0,0,0,0,0,0,0,0,0,0,0,0,0,0,0,0
"2015","MUNICIPIO",355635,68,0,0,4,64,5,14,23,10,12,42,26,2,0,1,1,0,0,0,1,0,0,0,0,0,0,0,0,0,0,0,0,0,0,0,0,0,0
"2015","MUNICIPIO",355640,333,0,0,14,319,7,59,99,24,130,184,149,16,0,5,3,2,0,0,4,0,0,1,0,0,0,0,0,0,0,0,0,0,0,0,0,0,0
"2015","MUNICIPIO",355645,234,0,0,25,209,3,50,70,37,49,137,97,8,0,5,5,0,0,0,1,0,1,3,0,0,0,0,0,0,0,0,0,0,0,0,0,0,0
"2015","MUNICIPIO",355650,541,0,0,39,502,15,97,190,85,115,307,234,31,0,12,7,5,3,1,10,1,0,1,0,3,1,0,0,2,0,3,3,0,0,2,1,0,0
"2015","MUNICIPIO",355660,97,0,0,10,87,4,12,25,19,27,52,45,2,0,1,1,0,0,1,1,0,0,0,0,1,1,0,0,0,0,1,0,0,0,0,0,0,1
"2015","MUNICIPIO",355670,403,0,0,23,380,21,82,108,65,104,207,196,22,0,9,6,3,0,0,8,0,0,0,0,0,0,0,0,0,0,0,0,0,0,0,0,0,0
"2015","MUNICIPIO",355680,132,0,0,11,121,4,25,34,20,38,70,62,2,0,2,2,0,2,0,2,0,0,0,0,0,0,0,0,0,0,0,0,0,0,0,0,0,0
"2015","MUNICIPIO",355690,44,0,0,2,42,1,11,11,4,15,24,20,1,0,1,1,0,1,0,1,0,0,0,0,0,0,0,0,0,0,0,0,0,0,0,0,0,0
"2015","MUNICIPIO",355695,16,0,0,0,16,1,7,3,0,5,13,3,1,0,0,0,0,0,0,0,0,0,0,0,0,0,0,0,0,0,0,0,0,0,0,0,0,0
"2015","MUNICIPIO",355700,757,0,0,48,709,27,134,180,82,286,419,338,32,0,19,13,6,4,0,16,0,0,2,0,1,0,0,0,0,1,0,0,0,0,0,0,0,0
"2015","MUNICIPIO",355710,625,0,0,44,581,22,111,181,91,176,353,272,27,0,5,3,2,1,0,4,0,0,1,0,1,0,0,0,1,0,1,1,0,1,0,0,0,0
"2015","MUNICIPIO",355715,11,0,0,1,10,0,2,5,0,3,8,3,0,0,0,0,0,0,0,0,0,0,0,0,0,0,0,0,0,0,0,0,0,0,0,0,0,0
"2015","MUNICIPIO",355720,120,0,0,9,111,2,14,31,15,49,56,64,6,0,1,1,0,1,0,1,0,0,0,0,0,0,0,0,0,0,0,0,0,0,0,0,0,0
"2015","MUNICIPIO",355730,80,0,0,4,76,5,14,19,14,24,53,27,5,0,1,0,1,0,0,1,0,0,0,0,0,0,0,0,0,0,0,0,0,0,0,0,0,0
